x_des,y_des,psi_des
3.273068666458129883e+00,-9.979411959648132324e-02,-1.861181846150506303e+00
3.326849286154438978e+00,-3.439408888666909414e-01,-1.354029072210027662e+00
3.326849286154438978e+00,-3.439408888666909414e-01,-1.349473225105834562e+00
3.326849286154438978e+00,-3.439408888666909414e-01,-1.337478229350734571e+00
3.326849286154438978e+00,-3.439408888666909414e-01,-1.319058726453520292e+00
3.326849286154438978e+00,-3.439408888666909414e-01,-1.286135418237399852e+00
3.326849286154438978e+00,-3.439408888666909414e-01,-1.265742655224386226e+00
3.326849286154438978e+00,-3.439408888666909414e-01,-1.251782010424980385e+00
3.326849286154438978e+00,-3.439408888666909414e-01,-1.242794820146117640e+00
3.326849286154438978e+00,-3.439408888666909414e-01,-1.233201928563533389e+00
3.326849286154438978e+00,-3.439408888666909414e-01,-1.226880347984802944e+00
3.326849286154438978e+00,-3.439408888666909414e-01,-1.220157038223460999e+00
3.326849286154438978e+00,-3.439408888666909414e-01,-1.217528195956130377e+00
3.326849286154438978e+00,-3.439408888666909414e-01,-1.212119991080043091e+00
3.326849286154438978e+00,-3.439408888666909414e-01,-1.205813462499164768e+00
3.326849286154438978e+00,-3.439408888666909414e-01,-1.201535484570096957e+00
3.326849286154438978e+00,-3.439408888666909414e-01,-1.198970593065849854e+00
3.326849286154438978e+00,-3.439408888666909414e-01,-1.199471569784965386e+00
3.326849286154438978e+00,-3.439408888666909414e-01,-1.200129384752568473e+00
3.326849286154438978e+00,-3.439408888666909414e-01,-1.196773532012183505e+00
3.326849286154438978e+00,-3.439408888666909414e-01,-1.197571166022544764e+00
3.326849286154438978e+00,-3.439408888666909414e-01,-1.193853104564616796e+00
3.326849286154438978e+00,-3.439408888666909414e-01,-1.193303453285609939e+00
3.326849286154438978e+00,-3.439408888666909414e-01,-1.190384813544479004e+00
3.326849286154438978e+00,-3.439408888666909414e-01,-1.187796871316148195e+00
3.326849286154438978e+00,-3.439408888666909414e-01,-1.185689722886941633e+00
3.547252535527735340e+00,-4.619341414945108415e-01,-6.247093219138424303e-01
3.547252535527735340e+00,-4.619341414945108415e-01,-6.084717094534480841e-01
3.547252535527735340e+00,-4.619341414945108415e-01,-5.933975375235195360e-01
3.547252535527735340e+00,-4.619341414945108415e-01,-5.776242176949447638e-01
3.547252535527735340e+00,-4.619341414945108415e-01,-5.614394832929777701e-01
3.547252535527735340e+00,-4.619341414945108415e-01,-5.424418493864768820e-01
3.547252535527735340e+00,-4.619341414945108415e-01,-5.307962064828317672e-01
3.547252535527735340e+00,-4.619341414945108415e-01,-5.201946325036209684e-01
3.547252535527735340e+00,-4.619341414945108415e-01,-5.155116254296620015e-01
3.547252535527735340e+00,-4.619341414945108415e-01,-5.089525437488522375e-01
3.547252535527735340e+00,-4.619341414945108415e-01,-5.038197654962728311e-01
3.547252535527735340e+00,-4.619341414945108415e-01,-5.000317193739504118e-01
3.547252535527735340e+00,-4.619341414945108415e-01,-4.959617977940446454e-01
3.547252535527735340e+00,-4.619341414945108415e-01,-4.899580052932938079e-01
3.547252535527735340e+00,-4.619341414945108415e-01,-4.861914247453454907e-01
3.547252535527735340e+00,-4.619341414945108415e-01,-4.806188564814289910e-01
3.547252535527735340e+00,-4.619341414945108415e-01,-4.798110759031095629e-01
3.547252535527735340e+00,-4.619341414945108415e-01,-4.787966237351420906e-01
3.547252535527735340e+00,-4.619341414945108415e-01,-4.799003655261173118e-01
3.547252535527735340e+00,-4.619341414945108415e-01,-4.822611119910038546e-01
3.547252535527735340e+00,-4.619341414945108415e-01,-4.849124929596477229e-01
3.547252535527735340e+00,-4.619341414945108415e-01,-4.858242753280856419e-01
3.547252535527735340e+00,-4.619341414945108415e-01,-4.903369597685950376e-01
3.547252535527735340e+00,-4.619341414945108415e-01,-4.908807108273990361e-01
3.547252535527735340e+00,-4.619341414945108415e-01,-4.976122136860850476e-01
3.547252535527735340e+00,-4.619341414945108415e-01,-5.019876922845947220e-01
3.549307903372575623e+00,-7.119256922777771335e-01,-1.353911313465166799e+00
3.549307903372575623e+00,-7.119256922777771335e-01,-1.382423900207756962e+00
3.549307903372575623e+00,-7.119256922777771335e-01,-1.399670027898745506e+00
3.549307903372575623e+00,-7.119256922777771335e-01,-1.423776995055430872e+00
3.549307903372575623e+00,-7.119256922777771335e-01,-1.439235335178843611e+00
3.549307903372575623e+00,-7.119256922777771335e-01,-1.463603351088499593e+00
3.549307903372575623e+00,-7.119256922777771335e-01,-1.484602959492285823e+00
3.549307903372575623e+00,-7.119256922777771335e-01,-1.504746264985973747e+00
3.549307903372575623e+00,-7.119256922777771335e-01,-1.517755668036855354e+00
3.549307903372575623e+00,-7.119256922777771335e-01,-1.534495862473667982e+00
3.549307903372575623e+00,-7.119256922777771335e-01,-1.543415607353267438e+00
3.549307903372575623e+00,-7.119256922777771335e-01,-1.551712497062951446e+00
3.549307903372575623e+00,-7.119256922777771335e-01,-1.554229300627391730e+00
3.549307903372575623e+00,-7.119256922777771335e-01,-1.558664734180649436e+00
3.549307903372575623e+00,-7.119256922777771335e-01,-1.564066859450123692e+00
3.549307903372575623e+00,-7.119256922777771335e-01,-1.568464771600590391e+00
3.549307903372575623e+00,-7.119256922777771335e-01,-1.570721483941055263e+00
3.549307903372575623e+00,-7.119256922777771335e-01,-1.570379134922512909e+00
3.549307903372575623e+00,-7.119256922777771335e-01,-1.569457441832670552e+00
3.549307903372575623e+00,-7.119256922777771335e-01,-1.567568211506458198e+00
3.549307903372575623e+00,-7.119256922777771335e-01,-1.568048534075940248e+00
3.549307903372575623e+00,-7.119256922777771335e-01,-1.565329209318568005e+00
3.549307903372575623e+00,-7.119256922777771335e-01,-1.566150084393648445e+00
3.549307903372575623e+00,-7.119256922777771335e-01,-1.562880751569978521e+00
3.549307903372575623e+00,-7.119256922777771335e-01,-1.562615922850142169e+00
3.549307903372575623e+00,-7.119256922777771335e-01,-1.564488215181051523e+00
3.549307903372575623e+00,-7.119256922777771335e-01,-1.565494263904729344e+00
3.480558315818805593e+00,-9.522868667864454739e-01,-1.791939680469426976e+00
3.480558315818805593e+00,-9.522868667864454739e-01,-1.797081094814179769e+00
3.480558315818805593e+00,-9.522868667864454739e-01,-1.802302457500901900e+00
3.480558315818805593e+00,-9.522868667864454739e-01,-1.810011654212398069e+00
3.480558315818805593e+00,-9.522868667864454739e-01,-1.817562732275564530e+00
3.480558315818805593e+00,-9.522868667864454739e-01,-1.824317398423498826e+00
3.480558315818805593e+00,-9.522868667864454739e-01,-1.829194685939774745e+00
3.480558315818805593e+00,-9.522868667864454739e-01,-1.833501320877220397e+00
3.480558315818805593e+00,-9.522868667864454739e-01,-1.838664327482107508e+00
3.480558315818805593e+00,-9.522868667864454739e-01,-1.842852148982628169e+00
3.480558315818805593e+00,-9.522868667864454739e-01,-1.848019487440368369e+00
3.480558315818805593e+00,-9.522868667864454739e-01,-1.849481371941337438e+00
3.480558315818805593e+00,-9.522868667864454739e-01,-1.847846183586220770e+00
3.480558315818805593e+00,-9.522868667864454739e-01,-1.842941219863088342e+00
3.480558315818805593e+00,-9.522868667864454739e-01,-1.841675437175362529e+00
3.480558315818805593e+00,-9.522868667864454739e-01,-1.838198632240621189e+00
3.480558315818805593e+00,-9.522868667864454739e-01,-1.834249612766450710e+00
3.480558315818805593e+00,-9.522868667864454739e-01,-1.829820624323936107e+00
3.480558315818805593e+00,-9.522868667864454739e-01,-1.826759144595460072e+00
3.480558315818805593e+00,-9.522868667864454739e-01,-1.820735573724389100e+00
3.480558315818805593e+00,-9.522868667864454739e-01,-1.813132315588329435e+00
3.480558315818805593e+00,-9.522868667864454739e-01,-1.810761565441002530e+00
3.329862426657167251e+00,-1.151763053309506901e+00,-2.134429788641436065e+00
3.329862426657167251e+00,-1.151763053309506901e+00,-2.140014936985054739e+00
3.329862426657167251e+00,-1.151763053309506901e+00,-2.147960908621685316e+00
3.329862426657167251e+00,-1.151763053309506901e+00,-2.158100756879386850e+00
3.329862426657167251e+00,-1.151763053309506901e+00,-2.169085565981716535e+00
3.329862426657167251e+00,-1.151763053309506901e+00,-2.176382464536756878e+00
3.329862426657167251e+00,-1.151763053309506901e+00,-2.184060652283678294e+00
3.329862426657167251e+00,-1.151763053309506901e+00,-2.189996614461420243e+00
3.329862426657167251e+00,-1.151763053309506901e+00,-2.192145171413372839e+00
3.329862426657167251e+00,-1.151763053309506901e+00,-2.196840791538272608e+00
3.329862426657167251e+00,-1.151763053309506901e+00,-2.201639991072007252e+00
3.329862426657167251e+00,-1.151763053309506901e+00,-2.206392635407969927e+00
3.329862426657167251e+00,-1.151763053309506901e+00,-2.209923289835687310e+00
3.329862426657167251e+00,-1.151763053309506901e+00,-2.210697049101762790e+00
3.329862426657167251e+00,-1.151763053309506901e+00,-2.207851176840301743e+00
3.329862426657167251e+00,-1.151763053309506901e+00,-2.202700063951716025e+00
3.329862426657167251e+00,-1.151763053309506901e+00,-2.199276339357617793e+00
3.329862426657167251e+00,-1.151763053309506901e+00,-2.195106738557270454e+00
3.329862426657167251e+00,-1.151763053309506901e+00,-2.188213360129056095e+00
3.329862426657167251e+00,-1.151763053309506901e+00,-2.185020269413766592e+00
3.329862426657167251e+00,-1.151763053309506901e+00,-2.175813795286140273e+00
3.329862426657167251e+00,-1.151763053309506901e+00,-2.171747624642089480e+00
3.329862426657167251e+00,-1.151763053309506901e+00,-2.164534869803269590e+00
3.329862426657167251e+00,-1.151763053309506901e+00,-2.155423488202188320e+00
3.329862426657167251e+00,-1.151763053309506901e+00,-2.140343165062088993e+00
3.300281340627146065e+00,-1.400006803179034254e+00,-1.774297578755954730e+00
3.300281340627146065e+00,-1.400006803179034254e+00,-1.764741156271471212e+00
3.300281340627146065e+00,-1.400006803179034254e+00,-1.753689762438838118e+00
3.300281340627146065e+00,-1.400006803179034254e+00,-1.741390427254189799e+00
3.300281340627146065e+00,-1.400006803179034254e+00,-1.728159594024010204e+00
3.300281340627146065e+00,-1.400006803179034254e+00,-1.715369897117327458e+00
3.300281340627146065e+00,-1.400006803179034254e+00,-1.706631502040270920e+00
3.300281340627146065e+00,-1.400006803179034254e+00,-1.700150601273519246e+00
3.300281340627146065e+00,-1.400006803179034254e+00,-1.696281684654016519e+00
3.300281340627146065e+00,-1.400006803179034254e+00,-1.692138850205197498e+00
3.300281340627146065e+00,-1.400006803179034254e+00,-1.688479356190847547e+00
3.300281340627146065e+00,-1.400006803179034254e+00,-1.682473790442026385e+00
3.300281340627146065e+00,-1.400006803179034254e+00,-1.677642114683050911e+00
3.300281340627146065e+00,-1.400006803179034254e+00,-1.673672634496524925e+00
3.300281340627146065e+00,-1.400006803179034254e+00,-1.671448230716462868e+00
3.300281340627146065e+00,-1.400006803179034254e+00,-1.668819668141562129e+00
3.300281340627146065e+00,-1.400006803179034254e+00,-1.669738687490978313e+00
3.300281340627146065e+00,-1.400006803179034254e+00,-1.669832813666294991e+00
3.300281340627146065e+00,-1.400006803179034254e+00,-1.669311944001201642e+00
3.300281340627146065e+00,-1.400006803179034254e+00,-1.664454902562456429e+00
3.300281340627146065e+00,-1.400006803179034254e+00,-1.662206880501438944e+00
3.300281340627146065e+00,-1.400006803179034254e+00,-1.661424182059860089e+00
3.300281340627146065e+00,-1.400006803179034254e+00,-1.655089335612530910e+00
3.300281340627146065e+00,-1.400006803179034254e+00,-1.656703859017932379e+00
3.368595563318066421e+00,-1.640492077111005642e+00,-1.366811318937721342e+00
3.368595563318066421e+00,-1.640492077111005642e+00,-1.356495390771659260e+00
3.368595563318066421e+00,-1.640492077111005642e+00,-1.349849725569407743e+00
3.368595563318066421e+00,-1.640492077111005642e+00,-1.339895991518865959e+00
3.368595563318066421e+00,-1.640492077111005642e+00,-1.328341691278570380e+00
3.368595563318066421e+00,-1.640492077111005642e+00,-1.321050954611774131e+00
3.368595563318066421e+00,-1.640492077111005642e+00,-1.314734273643101803e+00
3.368595563318066421e+00,-1.640492077111005642e+00,-1.307755002802842181e+00
3.368595563318066421e+00,-1.640492077111005642e+00,-1.303693829227380752e+00
3.368595563318066421e+00,-1.640492077111005642e+00,-1.300525712465056660e+00
3.368595563318066421e+00,-1.640492077111005642e+00,-1.294467847407826167e+00
3.368595563318066421e+00,-1.640492077111005642e+00,-1.288879349558486931e+00
3.368595563318066421e+00,-1.640492077111005642e+00,-1.286468428550412879e+00
3.368595563318066421e+00,-1.640492077111005642e+00,-1.286487443602799097e+00
3.368595563318066421e+00,-1.640492077111005642e+00,-1.287790456848966203e+00
3.368595563318066421e+00,-1.640492077111005642e+00,-1.289387768428916115e+00
3.368595563318066421e+00,-1.640492077111005642e+00,-1.292071622844899181e+00
3.368595563318066421e+00,-1.640492077111005642e+00,-1.294186584095219805e+00
3.368595563318066421e+00,-1.640492077111005642e+00,-1.295318765694911445e+00
3.368595563318066421e+00,-1.640492077111005642e+00,-1.296714024222924921e+00
3.368595563318066421e+00,-1.640492077111005642e+00,-1.299346530520457010e+00
3.368595563318066421e+00,-1.640492077111005642e+00,-1.302117252518684376e+00
3.368595563318066421e+00,-1.640492077111005642e+00,-1.304500303131124417e+00
3.368595563318066421e+00,-1.640492077111005642e+00,-1.308720039425216530e+00
3.186622825180781327e+00,-1.811915303585188930e+00,-2.193977401496889357e+00
3.186622825180781327e+00,-1.811915303585188930e+00,-2.213045155623130089e+00
3.186622825180781327e+00,-1.811915303585188930e+00,-2.234230672597439238e+00
3.186622825180781327e+00,-1.811915303585188930e+00,-2.258094836863561827e+00
3.186622825180781327e+00,-1.811915303585188930e+00,-2.276909533996525514e+00
3.186622825180781327e+00,-1.811915303585188930e+00,-2.290006633178904405e+00
3.186622825180781327e+00,-1.811915303585188930e+00,-2.312784375794074698e+00
3.186622825180781327e+00,-1.811915303585188930e+00,-2.338486028830052188e+00
3.186622825180781327e+00,-1.811915303585188930e+00,-2.360034658838474186e+00
3.186622825180781327e+00,-1.811915303585188930e+00,-2.373081509886971752e+00
3.186622825180781327e+00,-1.811915303585188930e+00,-2.381946317554627157e+00
3.186622825180781327e+00,-1.811915303585188930e+00,-2.383566762180950871e+00
3.186622825180781327e+00,-1.811915303585188930e+00,-2.393062762544079458e+00
3.186622825180781327e+00,-1.811915303585188930e+00,-2.396694597166772578e+00
3.186622825180781327e+00,-1.811915303585188930e+00,-2.400831657524673979e+00
3.186622825180781327e+00,-1.811915303585188930e+00,-2.404716433646918894e+00
3.186622825180781327e+00,-1.811915303585188930e+00,-2.409383123238269864e+00
3.186622825180781327e+00,-1.811915303585188930e+00,-2.412788819762243353e+00
3.186622825180781327e+00,-1.811915303585188930e+00,-2.411962116419635649e+00
3.186622825180781327e+00,-1.811915303585188930e+00,-2.407541202591584995e+00
3.186622825180781327e+00,-1.811915303585188930e+00,-2.405204685002663378e+00
3.186622825180781327e+00,-1.811915303585188930e+00,-2.397554936769692446e+00
3.186622825180781327e+00,-1.811915303585188930e+00,-2.392307261345733682e+00
3.186622825180781327e+00,-1.811915303585188930e+00,-2.388481825362138267e+00
3.186622825180781327e+00,-1.811915303585188930e+00,-2.385517776639562548e+00
3.186622825180781327e+00,-1.811915303585188930e+00,-2.380497143355340128e+00
3.186622825180781327e+00,-1.811915303585188930e+00,-2.373332510052209354e+00
3.186622825180781327e+00,-1.811915303585188930e+00,-2.367443245194624346e+00
2.982739466402318573e+00,-1.667237813929013823e+00,2.763901894723789443e+00
2.982739466402318573e+00,-1.667237813929013823e+00,2.734923875901133616e+00
2.982739466402318573e+00,-1.667237813929013823e+00,2.711149614094388482e+00
2.982739466402318573e+00,-1.667237813929013823e+00,2.686654980796197467e+00
2.982739466402318573e+00,-1.667237813929013823e+00,2.669371150815173177e+00
2.982739466402318573e+00,-1.667237813929013823e+00,2.652726570735961076e+00
2.982739466402318573e+00,-1.667237813929013823e+00,2.637057748360041476e+00
2.982739466402318573e+00,-1.667237813929013823e+00,2.612299231029993951e+00
2.982739466402318573e+00,-1.667237813929013823e+00,2.589328671529102621e+00
2.982739466402318573e+00,-1.667237813929013823e+00,2.570257358958505378e+00
2.982739466402318573e+00,-1.667237813929013823e+00,2.559202074351847767e+00
2.982739466402318573e+00,-1.667237813929013823e+00,2.544536539534739461e+00
2.982739466402318573e+00,-1.667237813929013823e+00,2.537991550076001523e+00
2.982739466402318573e+00,-1.667237813929013823e+00,2.530158759567430860e+00
2.982739466402318573e+00,-1.667237813929013823e+00,2.525944289582498392e+00
2.982739466402318573e+00,-1.667237813929013823e+00,2.520296182258935591e+00
2.982739466402318573e+00,-1.667237813929013823e+00,2.517657361877700506e+00
2.982739466402318573e+00,-1.667237813929013823e+00,2.510586199043363997e+00
2.982739466402318573e+00,-1.667237813929013823e+00,2.505842996291230307e+00
2.982739466402318573e+00,-1.667237813929013823e+00,2.502877149726816519e+00
2.982739466402318573e+00,-1.667237813929013823e+00,2.500551044849188997e+00
2.982739466402318573e+00,-1.667237813929013823e+00,2.498549573716691619e+00
2.982739466402318573e+00,-1.667237813929013823e+00,2.498577533223699021e+00
2.982739466402318573e+00,-1.667237813929013823e+00,2.494508051206619559e+00
2.982739466402318573e+00,-1.667237813929013823e+00,2.491539706319543246e+00
2.982739466402318573e+00,-1.667237813929013823e+00,2.489042983481382088e+00
2.982739466402318573e+00,-1.667237813929013823e+00,2.485707331854127844e+00
2.982739466402318573e+00,-1.667237813929013823e+00,2.481085820302729061e+00
2.982739466402318573e+00,-1.667237813929013823e+00,2.473770202096621240e+00
2.982739466402318573e+00,-1.667237813929013823e+00,2.470808980992175385e+00
2.846089378890381383e+00,-1.457889411539647684e+00,2.212503516891292765e+00
2.846089378890381383e+00,-1.457889411539647684e+00,2.204963387928211560e+00
2.846089378890381383e+00,-1.457889411539647684e+00,2.197941089172284368e+00
2.846089378890381383e+00,-1.457889411539647684e+00,2.189022434100401870e+00
2.846089378890381383e+00,-1.457889411539647684e+00,2.181824416545624867e+00
2.846089378890381383e+00,-1.457889411539647684e+00,2.171944762820181563e+00
2.846089378890381383e+00,-1.457889411539647684e+00,2.167535835117938792e+00
2.846089378890381383e+00,-1.457889411539647684e+00,2.162020073621976568e+00
2.846089378890381383e+00,-1.457889411539647684e+00,2.159048701368549761e+00
2.846089378890381383e+00,-1.457889411539647684e+00,2.153337488640580055e+00
2.846089378890381383e+00,-1.457889411539647684e+00,2.148049501266055650e+00
2.846089378890381383e+00,-1.457889411539647684e+00,2.143086075672365975e+00
2.846089378890381383e+00,-1.457889411539647684e+00,2.143169799553382049e+00
2.846089378890381383e+00,-1.457889411539647684e+00,2.142106982207375498e+00
2.846089378890381383e+00,-1.457889411539647684e+00,2.139962848940833773e+00
2.846089378890381383e+00,-1.457889411539647684e+00,2.138604983416968253e+00
2.846089378890381383e+00,-1.457889411539647684e+00,2.135504974645529241e+00
2.846089378890381383e+00,-1.457889411539647684e+00,2.132597793814944520e+00
2.846089378890381383e+00,-1.457889411539647684e+00,2.129201654920938491e+00
2.846089378890381383e+00,-1.457889411539647684e+00,2.125633902117778362e+00
2.846089378890381383e+00,-1.457889411539647684e+00,2.124453814915528316e+00
2.846089378890381383e+00,-1.457889411539647684e+00,2.117553566332304626e+00
2.598712936217632663e+00,-1.421766072677129511e+00,2.827213509198321262e+00
2.598712936217632663e+00,-1.421766072677129511e+00,2.846174059755867347e+00
2.598712936217632663e+00,-1.421766072677129511e+00,2.859664682179241968e+00
2.598712936217632663e+00,-1.421766072677129511e+00,2.881787284962875173e+00
2.598712936217632663e+00,-1.421766072677129511e+00,2.901278387153518157e+00
2.598712936217632663e+00,-1.421766072677129511e+00,2.924820252390327280e+00
2.598712936217632663e+00,-1.421766072677129511e+00,2.938107695495792093e+00
2.598712936217632663e+00,-1.421766072677129511e+00,2.951886390897868750e+00
2.598712936217632663e+00,-1.421766072677129511e+00,2.962088306495461065e+00
2.598712936217632663e+00,-1.421766072677129511e+00,2.968814575050251037e+00
2.598712936217632663e+00,-1.421766072677129511e+00,2.975354962719517271e+00
2.598712936217632663e+00,-1.421766072677129511e+00,2.978961901428001990e+00
2.598712936217632663e+00,-1.421766072677129511e+00,2.981879799131455844e+00
2.598712936217632663e+00,-1.421766072677129511e+00,2.988518862453284353e+00
2.598712936217632663e+00,-1.421766072677129511e+00,2.994826312352311337e+00
2.598712936217632663e+00,-1.421766072677129511e+00,2.999069851329368763e+00
2.598712936217632663e+00,-1.421766072677129511e+00,3.002264319131423775e+00
2.598712936217632663e+00,-1.421766072677129511e+00,3.003952377187547818e+00
2.598712936217632663e+00,-1.421766072677129511e+00,3.003607653303071778e+00
2.598712936217632663e+00,-1.421766072677129511e+00,3.010184250623671343e+00
2.598712936217632663e+00,-1.421766072677129511e+00,3.014146285110889334e+00
2.598712936217632663e+00,-1.421766072677129511e+00,3.015991717387076054e+00
2.598712936217632663e+00,-1.421766072677129511e+00,3.020532326560585457e+00
2.598712936217632663e+00,-1.421766072677129511e+00,3.028064055233897101e+00
2.598712936217632663e+00,-1.421766072677129511e+00,3.031297479868833467e+00
2.598712936217632663e+00,-1.421766072677129511e+00,3.035769583327262211e+00
2.598712936217632663e+00,-1.421766072677129511e+00,3.045545114185417734e+00
2.676932325380645850e+00,-1.659214440030887250e+00,-1.481800611809881429e+00
2.676932325380645850e+00,-1.659214440030887250e+00,-1.449256182316739361e+00
2.676932325380645850e+00,-1.659214440030887250e+00,-1.428281763928660908e+00
2.676932325380645850e+00,-1.659214440030887250e+00,-1.418627889237804141e+00
2.676932325380645850e+00,-1.659214440030887250e+00,-1.420712562415397340e+00
2.676932325380645850e+00,-1.659214440030887250e+00,-1.417829795601238008e+00
2.676932325380645850e+00,-1.659214440030887250e+00,-1.411451309669157439e+00
2.676932325380645850e+00,-1.659214440030887250e+00,-1.399443459518795230e+00
2.676932325380645850e+00,-1.659214440030887250e+00,-1.382143697141098970e+00
2.676932325380645850e+00,-1.659214440030887250e+00,-1.367053775794765391e+00
2.676932325380645850e+00,-1.659214440030887250e+00,-1.344255881087279558e+00
2.676932325380645850e+00,-1.659214440030887250e+00,-1.322231331972380186e+00
2.676932325380645850e+00,-1.659214440030887250e+00,-1.303926350336088946e+00
2.676932325380645850e+00,-1.659214440030887250e+00,-1.287648273719299796e+00
2.676932325380645850e+00,-1.659214440030887250e+00,-1.273880087702774722e+00
2.676932325380645850e+00,-1.659214440030887250e+00,-1.265600590661955183e+00
2.676932325380645850e+00,-1.659214440030887250e+00,-1.256181837673619350e+00
2.676932325380645850e+00,-1.659214440030887250e+00,-1.249852647501871639e+00
2.676932325380645850e+00,-1.659214440030887250e+00,-1.246775984487122235e+00
2.676932325380645850e+00,-1.659214440030887250e+00,-1.242291183336662774e+00
2.676932325380645850e+00,-1.659214440030887250e+00,-1.235955042134263993e+00
2.676932325380645850e+00,-1.659214440030887250e+00,-1.230350645971495016e+00
2.676932325380645850e+00,-1.659214440030887250e+00,-1.226391817637023651e+00
2.676932325380645850e+00,-1.659214440030887250e+00,-1.225187392919584006e+00
2.676932325380645850e+00,-1.659214440030887250e+00,-1.223693412158070926e+00
2.676932325380645850e+00,-1.659214440030887250e+00,-1.221233983525453315e+00
2.676932325380645850e+00,-1.659214440030887250e+00,-1.219765974933324726e+00
2.676932325380645850e+00,-1.659214440030887250e+00,-1.218318476527715521e+00
2.676932325380645850e+00,-1.659214440030887250e+00,-1.219912763943100442e+00
2.676932325380645850e+00,-1.659214440030887250e+00,-1.212172379401510458e+00
2.676932325380645850e+00,-1.659214440030887250e+00,-1.211556594614072502e+00
2.676932325380645850e+00,-1.659214440030887250e+00,-1.207471307116588122e+00
2.676932325380645850e+00,-1.659214440030887250e+00,-1.202676710356053169e+00
2.473276932270905171e+00,-1.804212649872653840e+00,-2.285911382209926401e+00
2.473276932270905171e+00,-1.804212649872653840e+00,-2.310442787090285055e+00
2.473276932270905171e+00,-1.804212649872653840e+00,-2.332317605040451269e+00
2.473276932270905171e+00,-1.804212649872653840e+00,-2.356516539775562968e+00
2.473276932270905171e+00,-1.804212649872653840e+00,-2.369901678242266385e+00
2.473276932270905171e+00,-1.804212649872653840e+00,-2.394026483860626886e+00
2.473276932270905171e+00,-1.804212649872653840e+00,-2.415387377792013623e+00
2.473276932270905171e+00,-1.804212649872653840e+00,-2.435266095288740384e+00
2.473276932270905171e+00,-1.804212649872653840e+00,-2.456274151737542155e+00
2.473276932270905171e+00,-1.804212649872653840e+00,-2.475867158158889580e+00
2.473276932270905171e+00,-1.804212649872653840e+00,-2.487241818693952666e+00
2.473276932270905171e+00,-1.804212649872653840e+00,-2.496007579646705388e+00
2.473276932270905171e+00,-1.804212649872653840e+00,-2.502076877522084075e+00
2.473276932270905171e+00,-1.804212649872653840e+00,-2.511520073232562655e+00
2.473276932270905171e+00,-1.804212649872653840e+00,-2.515779598528913308e+00
2.473276932270905171e+00,-1.804212649872653840e+00,-2.520348761148306416e+00
2.473276932270905171e+00,-1.804212649872653840e+00,-2.525450403441283243e+00
2.473276932270905171e+00,-1.804212649872653840e+00,-2.527863644537067689e+00
2.473276932270905171e+00,-1.804212649872653840e+00,-2.530167597989675610e+00
2.473276932270905171e+00,-1.804212649872653840e+00,-2.529890254355073864e+00
2.473276932270905171e+00,-1.804212649872653840e+00,-2.528377730099049092e+00
2.473276932270905171e+00,-1.804212649872653840e+00,-2.526764771157140377e+00
2.473276932270905171e+00,-1.804212649872653840e+00,-2.525107118018529828e+00
2.473276932270905171e+00,-1.804212649872653840e+00,-2.520817699634793740e+00
2.473276932270905171e+00,-1.804212649872653840e+00,-2.520143595190461827e+00
2.473276932270905171e+00,-1.804212649872653840e+00,-2.517188558013816913e+00
2.473276932270905171e+00,-1.804212649872653840e+00,-2.515645081785800041e+00
2.473276932270905171e+00,-1.804212649872653840e+00,-2.508438001955735519e+00
2.473276932270905171e+00,-1.804212649872653840e+00,-2.504413555027080296e+00
2.473276932270905171e+00,-1.804212649872653840e+00,-2.497867286403379072e+00
2.225811770680913515e+00,-1.839723124372995455e+00,-2.902847601813051348e+00
2.225811770680913515e+00,-1.839723124372995455e+00,-2.912148363587620636e+00
2.225811770680913515e+00,-1.839723124372995455e+00,-2.918382835385338048e+00
2.225811770680913515e+00,-1.839723124372995455e+00,-2.933608256475607856e+00
2.225811770680913515e+00,-1.839723124372995455e+00,-2.944175910313330480e+00
2.225811770680913515e+00,-1.839723124372995455e+00,-2.956080154510221103e+00
2.225811770680913515e+00,-1.839723124372995455e+00,-2.963479763571521097e+00
2.225811770680913515e+00,-1.839723124372995455e+00,-2.971122349264008200e+00
2.225811770680913515e+00,-1.839723124372995455e+00,-2.975632988385883415e+00
2.225811770680913515e+00,-1.839723124372995455e+00,-2.979403358208671637e+00
2.225811770680913515e+00,-1.839723124372995455e+00,-2.983693131637183971e+00
2.225811770680913515e+00,-1.839723124372995455e+00,-2.988740349684860131e+00
2.225811770680913515e+00,-1.839723124372995455e+00,-2.993012697212596773e+00
2.225811770680913515e+00,-1.839723124372995455e+00,-2.994130327459983754e+00
2.225811770680913515e+00,-1.839723124372995455e+00,-2.994506496268061646e+00
2.225811770680913515e+00,-1.839723124372995455e+00,-2.989443151374705732e+00
2.225811770680913515e+00,-1.839723124372995455e+00,-2.987564254756670756e+00
2.225811770680913515e+00,-1.839723124372995455e+00,-2.986253683231547384e+00
2.225811770680913515e+00,-1.839723124372995455e+00,-2.980073200149108370e+00
2.225811770680913515e+00,-1.839723124372995455e+00,-2.980368749994140920e+00
2.225811770680913515e+00,-1.839723124372995455e+00,-2.975881711271608054e+00
2.225811770680913515e+00,-1.839723124372995455e+00,-2.971974996309184824e+00
2.225811770680913515e+00,-1.839723124372995455e+00,-2.968741236061291922e+00
2.225811770680913515e+00,-1.839723124372995455e+00,-2.963832534598830559e+00
2.011088151939697699e+00,-1.967761273198558314e+00,-2.675019806617680018e+00
2.011088151939697699e+00,-1.967761273198558314e+00,-2.667790805992514169e+00
2.011088151939697699e+00,-1.967761273198558314e+00,-2.661379141411346350e+00
2.011088151939697699e+00,-1.967761273198558314e+00,-2.650461265265723121e+00
2.011088151939697699e+00,-1.967761273198558314e+00,-2.639982408662104429e+00
2.011088151939697699e+00,-1.967761273198558314e+00,-2.628467394846364158e+00
2.011088151939697699e+00,-1.967761273198558314e+00,-2.624053098124238481e+00
2.011088151939697699e+00,-1.967761273198558314e+00,-2.620396404182686378e+00
2.011088151939697699e+00,-1.967761273198558314e+00,-2.616142289674730392e+00
2.011088151939697699e+00,-1.967761273198558314e+00,-2.611765364025845138e+00
2.011088151939697699e+00,-1.967761273198558314e+00,-2.606374122728655873e+00
2.011088151939697699e+00,-1.967761273198558314e+00,-2.600953648354192183e+00
2.011088151939697699e+00,-1.967761273198558314e+00,-2.598245823242269381e+00
2.011088151939697699e+00,-1.967761273198558314e+00,-2.597809770920878503e+00
2.011088151939697699e+00,-1.967761273198558314e+00,-2.595879510034455162e+00
2.011088151939697699e+00,-1.967761273198558314e+00,-2.594670594447128220e+00
2.011088151939697699e+00,-1.967761273198558314e+00,-2.593441483609055354e+00
2.011088151939697699e+00,-1.967761273198558314e+00,-2.592388452157649681e+00
2.011088151939697699e+00,-1.967761273198558314e+00,-2.589519902727797973e+00
2.011088151939697699e+00,-1.967761273198558314e+00,-2.585854802998484026e+00
2.011088151939697699e+00,-1.967761273198558314e+00,-2.583429120994241046e+00
2.011088151939697699e+00,-1.967761273198558314e+00,-2.572885000196833083e+00
2.011088151939697699e+00,-1.967761273198558314e+00,-2.578211809101492058e+00
2.011088151939697699e+00,-1.967761273198558314e+00,-2.573866871573343040e+00
1.779379917077570594e+00,-2.061629765767031053e+00,-2.719915068422072757e+00
1.779379917077570594e+00,-2.061629765767031053e+00,-2.722587081822061883e+00
1.779379917077570594e+00,-2.061629765767031053e+00,-2.727360118329396066e+00
1.779379917077570594e+00,-2.061629765767031053e+00,-2.729718746988787803e+00
1.779379917077570594e+00,-2.061629765767031053e+00,-2.733463684095330137e+00
1.779379917077570594e+00,-2.061629765767031053e+00,-2.738237230561068269e+00
1.779379917077570594e+00,-2.061629765767031053e+00,-2.742250048001952045e+00
1.779379917077570594e+00,-2.061629765767031053e+00,-2.748508662082953080e+00
1.779379917077570594e+00,-2.061629765767031053e+00,-2.754290148691149742e+00
1.779379917077570594e+00,-2.061629765767031053e+00,-2.757124548869874570e+00
1.779379917077570594e+00,-2.061629765767031053e+00,-2.757521339922033743e+00
1.779379917077570594e+00,-2.061629765767031053e+00,-2.760579000776815395e+00
1.779379917077570594e+00,-2.061629765767031053e+00,-2.762437448122616157e+00
1.779379917077570594e+00,-2.061629765767031053e+00,-2.764366687447999293e+00
1.779379917077570594e+00,-2.061629765767031053e+00,-2.765732084471157481e+00
1.779379917077570594e+00,-2.061629765767031053e+00,-2.770296053229454269e+00
1.779379917077570594e+00,-2.061629765767031053e+00,-2.773345390370171692e+00
1.779379917077570594e+00,-2.061629765767031053e+00,-2.780275922369278341e+00
1.779379917077570594e+00,-2.061629765767031053e+00,-2.788125855441883960e+00
1.779379917077570594e+00,-2.061629765767031053e+00,-2.801988870870782744e+00
1.747988041768043344e+00,-2.309651035347990877e+00,-1.911164963482247181e+00
1.747988041768043344e+00,-2.309651035347990877e+00,-1.891132628005987693e+00
1.747988041768043344e+00,-2.309651035347990877e+00,-1.874423327498965453e+00
1.747988041768043344e+00,-2.309651035347990877e+00,-1.847409965926836817e+00
1.747988041768043344e+00,-2.309651035347990877e+00,-1.829764383612342726e+00
1.747988041768043344e+00,-2.309651035347990877e+00,-1.809300687521687934e+00
1.747988041768043344e+00,-2.309651035347990877e+00,-1.787597936599658155e+00
1.747988041768043344e+00,-2.309651035347990877e+00,-1.764612465702057209e+00
1.747988041768043344e+00,-2.309651035347990877e+00,-1.753750330244347566e+00
1.747988041768043344e+00,-2.309651035347990877e+00,-1.742589184970384730e+00
1.747988041768043344e+00,-2.309651035347990877e+00,-1.735393364810701611e+00
1.747988041768043344e+00,-2.309651035347990877e+00,-1.726321547480696106e+00
1.747988041768043344e+00,-2.309651035347990877e+00,-1.720421420980209559e+00
1.747988041768043344e+00,-2.309651035347990877e+00,-1.716076413736033590e+00
1.747988041768043344e+00,-2.309651035347990877e+00,-1.710945146244206461e+00
1.747988041768043344e+00,-2.309651035347990877e+00,-1.704845682916520611e+00
1.747988041768043344e+00,-2.309651035347990877e+00,-1.703809331364971813e+00
1.747988041768043344e+00,-2.309651035347990877e+00,-1.699808861982150088e+00
1.747988041768043344e+00,-2.309651035347990877e+00,-1.698696087020353795e+00
1.747988041768043344e+00,-2.309651035347990877e+00,-1.700920282872814049e+00
1.747988041768043344e+00,-2.309651035347990877e+00,-1.699141418859575259e+00
1.747988041768043344e+00,-2.309651035347990877e+00,-1.697009458763825362e+00
1.747988041768043344e+00,-2.309651035347990877e+00,-1.694851175743305571e+00
1.747988041768043344e+00,-2.309651035347990877e+00,-1.688357200840088224e+00
1.747988041768043344e+00,-2.309651035347990877e+00,-1.681971952750525023e+00
1.747988041768043344e+00,-2.309651035347990877e+00,-1.682561626821708067e+00
1.747988041768043344e+00,-2.309651035347990877e+00,-1.670697279423436932e+00
1.502759742824692157e+00,-2.358262570988725049e+00,-2.718607530828889285e+00
1.502759742824692157e+00,-2.358262570988725049e+00,-2.741095734468918632e+00
1.502759742824692157e+00,-2.358262570988725049e+00,-2.765070115866550715e+00
1.502759742824692157e+00,-2.358262570988725049e+00,-2.784126148579681104e+00
1.502759742824692157e+00,-2.358262570988725049e+00,-2.791299274528320051e+00
1.502759742824692157e+00,-2.358262570988725049e+00,-2.823991654945781082e+00
1.502759742824692157e+00,-2.358262570988725049e+00,-2.848421548890295973e+00
1.502759742824692157e+00,-2.358262570988725049e+00,-2.870696653240399687e+00
1.502759742824692157e+00,-2.358262570988725049e+00,-2.890920295928184114e+00
1.502759742824692157e+00,-2.358262570988725049e+00,-2.903447035211631722e+00
1.502759742824692157e+00,-2.358262570988725049e+00,-2.912959132281032648e+00
1.502759742824692157e+00,-2.358262570988725049e+00,-2.918236353744876777e+00
1.502759742824692157e+00,-2.358262570988725049e+00,-2.926079616973886299e+00
1.502759742824692157e+00,-2.358262570988725049e+00,-2.931519026096068181e+00
1.502759742824692157e+00,-2.358262570988725049e+00,-2.936245868181031948e+00
1.502759742824692157e+00,-2.358262570988725049e+00,-2.940981415730151483e+00
1.502759742824692157e+00,-2.358262570988725049e+00,-2.946185799883676903e+00
1.502759742824692157e+00,-2.358262570988725049e+00,-2.952346694776435410e+00
1.502759742824692157e+00,-2.358262570988725049e+00,-2.955790808273941472e+00
1.502759742824692157e+00,-2.358262570988725049e+00,-2.958009587803064999e+00
1.502759742824692157e+00,-2.358262570988725049e+00,-2.959313618246732780e+00
1.502759742824692157e+00,-2.358262570988725049e+00,-2.962090350855173693e+00
1.502759742824692157e+00,-2.358262570988725049e+00,-2.964983177970546446e+00
1.502759742824692157e+00,-2.358262570988725049e+00,-2.966660856215475484e+00
1.502759742824692157e+00,-2.358262570988725049e+00,-2.967171128971792360e+00
1.502759742824692157e+00,-2.358262570988725049e+00,-2.973158331126505960e+00
1.502759742824692157e+00,-2.358262570988725049e+00,-2.974338897301998852e+00
1.502759742824692157e+00,-2.358262570988725049e+00,-2.972186959312386634e+00
1.502759742824692157e+00,-2.358262570988725049e+00,-2.977680099844349559e+00
1.350508319435869353e+00,-2.556554033427422823e+00,-2.374266047112305156e+00
1.350508319435869353e+00,-2.556554033427422823e+00,-2.357716565322618862e+00
1.350508319435869353e+00,-2.556554033427422823e+00,-2.349420780648047824e+00
1.350508319435869353e+00,-2.556554033427422823e+00,-2.327751077721047945e+00
1.350508319435869353e+00,-2.556554033427422823e+00,-2.311389091357026526e+00
1.350508319435869353e+00,-2.556554033427422823e+00,-2.289417558848748424e+00
1.350508319435869353e+00,-2.556554033427422823e+00,-2.275680049667077487e+00
1.350508319435869353e+00,-2.556554033427422823e+00,-2.264074916764562406e+00
1.350508319435869353e+00,-2.556554033427422823e+00,-2.256786548453999952e+00
1.350508319435869353e+00,-2.556554033427422823e+00,-2.249799776157591857e+00
1.350508319435869353e+00,-2.556554033427422823e+00,-2.242510774943360818e+00
1.350508319435869353e+00,-2.556554033427422823e+00,-2.238495893793111424e+00
1.350508319435869353e+00,-2.556554033427422823e+00,-2.235396792462105431e+00
1.350508319435869353e+00,-2.556554033427422823e+00,-2.228353366341157660e+00
1.350508319435869353e+00,-2.556554033427422823e+00,-2.223913525456089335e+00
1.350508319435869353e+00,-2.556554033427422823e+00,-2.219309044578759327e+00
1.350508319435869353e+00,-2.556554033427422823e+00,-2.216528337256477243e+00
1.350508319435869353e+00,-2.556554033427422823e+00,-2.216784125304190667e+00
1.350508319435869353e+00,-2.556554033427422823e+00,-2.216444866855229456e+00
1.350508319435869353e+00,-2.556554033427422823e+00,-2.217241471681566711e+00
1.350508319435869353e+00,-2.556554033427422823e+00,-2.215773995737152724e+00
1.350508319435869353e+00,-2.556554033427422823e+00,-2.217136651438974759e+00
1.350508319435869353e+00,-2.556554033427422823e+00,-2.217243896802320702e+00
1.350508319435869353e+00,-2.556554033427422823e+00,-2.215435761984754226e+00
1.350508319435869353e+00,-2.556554033427422823e+00,-2.218485073513486228e+00
1.350508319435869353e+00,-2.556554033427422823e+00,-2.219279770711760857e+00
1.101250557048411016e+00,-2.537303893438390023e+00,-3.038290316070751285e+00
1.101250557048411016e+00,-2.537303893438390023e+00,-3.057170945415872865e+00
1.101250557048411016e+00,-2.537303893438390023e+00,-3.076396379880098841e+00
1.101250557048411016e+00,-2.537303893438390023e+00,-3.100129608449926799e+00
1.101250557048411016e+00,-2.537303893438390023e+00,-3.119525778964292950e+00
1.101250557048411016e+00,-2.537303893438390023e+00,3.138265365020497466e+00
1.101250557048411016e+00,-2.537303893438390023e+00,3.120862408400608246e+00
1.101250557048411016e+00,-2.537303893438390023e+00,3.107485191665245061e+00
1.101250557048411016e+00,-2.537303893438390023e+00,3.094391306970598166e+00
1.101250557048411016e+00,-2.537303893438390023e+00,3.084128972599216922e+00
1.101250557048411016e+00,-2.537303893438390023e+00,3.076882022777347014e+00
1.101250557048411016e+00,-2.537303893438390023e+00,3.070360040511102451e+00
1.101250557048411016e+00,-2.537303893438390023e+00,3.066517134567255720e+00
1.101250557048411016e+00,-2.537303893438390023e+00,3.062211091097959414e+00
1.101250557048411016e+00,-2.537303893438390023e+00,3.056460339690706185e+00
1.101250557048411016e+00,-2.537303893438390023e+00,3.052038526117849759e+00
1.101250557048411016e+00,-2.537303893438390023e+00,3.049725629056262211e+00
1.101250557048411016e+00,-2.537303893438390023e+00,3.049762987688884763e+00
1.101250557048411016e+00,-2.537303893438390023e+00,3.050137725370992925e+00
1.101250557048411016e+00,-2.537303893438390023e+00,3.050932203060961800e+00
1.101250557048411016e+00,-2.537303893438390023e+00,3.052369131693176474e+00
1.101250557048411016e+00,-2.537303893438390023e+00,3.054082880613764761e+00
1.101250557048411016e+00,-2.537303893438390023e+00,3.053384689104833516e+00
1.101250557048411016e+00,-2.537303893438390023e+00,3.055349129034252709e+00
1.101250557048411016e+00,-2.537303893438390023e+00,3.054747984031187968e+00
1.101250557048411016e+00,-2.537303893438390023e+00,3.058554267387285641e+00
1.101250557048411016e+00,-2.537303893438390023e+00,3.060102167838529841e+00
8.843112995525157505e-01,-2.413056726238772765e+00,2.709802654473520533e+00
8.843112995525157505e-01,-2.413056726238772765e+00,2.702575823158148260e+00
8.843112995525157505e-01,-2.413056726238772765e+00,2.694303207025570579e+00
8.843112995525157505e-01,-2.413056726238772765e+00,2.685629844440636571e+00
8.843112995525157505e-01,-2.413056726238772765e+00,2.664990079515277888e+00
8.843112995525157505e-01,-2.413056726238772765e+00,2.657496526173941387e+00
8.843112995525157505e-01,-2.413056726238772765e+00,2.650925646573934369e+00
8.843112995525157505e-01,-2.413056726238772765e+00,2.646260831766229504e+00
8.843112995525157505e-01,-2.413056726238772765e+00,2.641437457560630975e+00
8.843112995525157505e-01,-2.413056726238772765e+00,2.637321618254724331e+00
8.843112995525157505e-01,-2.413056726238772765e+00,2.631747420763314693e+00
8.843112995525157505e-01,-2.413056726238772765e+00,2.628419998378293432e+00
8.843112995525157505e-01,-2.413056726238772765e+00,2.624499497937125447e+00
8.843112995525157505e-01,-2.413056726238772765e+00,2.621889753900671582e+00
8.843112995525157505e-01,-2.413056726238772765e+00,2.621171976188225727e+00
8.843112995525157505e-01,-2.413056726238772765e+00,2.625414761055839374e+00
8.843112995525157505e-01,-2.413056726238772765e+00,2.636692375571095592e+00
8.843112995525157505e-01,-2.413056726238772765e+00,2.628181023486446666e+00
8.843112995525157505e-01,-2.413056726238772765e+00,2.636674603634239666e+00
8.843112995525157505e-01,-2.413056726238772765e+00,2.634712466759016714e+00
8.843112995525157505e-01,-2.413056726238772765e+00,2.633472416828956941e+00
8.843112995525157505e-01,-2.413056726238772765e+00,2.638509688608174031e+00
8.843112995525157505e-01,-2.413056726238772765e+00,2.646668132708561938e+00
8.843112995525157505e-01,-2.413056726238772765e+00,2.642310774245473226e+00
6.343120611693008337e-01,-2.412439629963890830e+00,3.047245034212057835e+00
6.343120611693008337e-01,-2.412439629963890830e+00,3.050713225437486908e+00
6.343120611693008337e-01,-2.412439629963890830e+00,3.060308311656469993e+00
6.343120611693008337e-01,-2.412439629963890830e+00,3.072731469552476558e+00
6.343120611693008337e-01,-2.412439629963890830e+00,3.084962708526204356e+00
6.343120611693008337e-01,-2.412439629963890830e+00,3.098606815363222911e+00
6.343120611693008337e-01,-2.412439629963890830e+00,3.115158125316692672e+00
6.343120611693008337e-01,-2.412439629963890830e+00,3.120131996587081957e+00
6.343120611693008337e-01,-2.412439629963890830e+00,3.124817234644822417e+00
6.343120611693008337e-01,-2.412439629963890830e+00,3.127064975199912666e+00
6.343120611693008337e-01,-2.412439629963890830e+00,3.131564654269029191e+00
6.343120611693008337e-01,-2.412439629963890830e+00,3.138089410976761418e+00
6.343120611693008337e-01,-2.412439629963890830e+00,-3.139349945701500832e+00
6.343120611693008337e-01,-2.412439629963890830e+00,-3.136245800580427456e+00
6.343120611693008337e-01,-2.412439629963890830e+00,-3.136230831402996966e+00
6.343120611693008337e-01,-2.412439629963890830e+00,-3.134574542406888931e+00
6.343120611693008337e-01,-2.412439629963890830e+00,-3.136095283268801825e+00
6.343120611693008337e-01,-2.412439629963890830e+00,-3.136148898182419931e+00
6.343120611693008337e-01,-2.412439629963890830e+00,-3.134162332776487592e+00
6.343120611693008337e-01,-2.412439629963890830e+00,-3.134036009115823251e+00
6.343120611693008337e-01,-2.412439629963890830e+00,-3.135310946168828661e+00
6.343120611693008337e-01,-2.412439629963890830e+00,-3.131889799941030006e+00
6.343120611693008337e-01,-2.412439629963890830e+00,-3.133621821004818120e+00
6.343120611693008337e-01,-2.412439629963890830e+00,-3.135228000886980837e+00
4.559895516383757341e-01,-2.237222385964924953e+00,2.516358741751836270e+00
4.559895516383757341e-01,-2.237222385964924953e+00,2.502385273089920315e+00
4.559895516383757341e-01,-2.237222385964924953e+00,2.485867544624853043e+00
4.559895516383757341e-01,-2.237222385964924953e+00,2.468052468125447430e+00
4.559895516383757341e-01,-2.237222385964924953e+00,2.446162598064373750e+00
4.559895516383757341e-01,-2.237222385964924953e+00,2.426622030747228820e+00
4.559895516383757341e-01,-2.237222385964924953e+00,2.409805470612020883e+00
4.559895516383757341e-01,-2.237222385964924953e+00,2.395494170806700129e+00
4.559895516383757341e-01,-2.237222385964924953e+00,2.392191167264834384e+00
4.559895516383757341e-01,-2.237222385964924953e+00,2.383152026370125132e+00
4.559895516383757341e-01,-2.237222385964924953e+00,2.377268233917667839e+00
4.559895516383757341e-01,-2.237222385964924953e+00,2.376605939111074317e+00
4.559895516383757341e-01,-2.237222385964924953e+00,2.368978664806649093e+00
4.559895516383757341e-01,-2.237222385964924953e+00,2.364313409794363441e+00
4.559895516383757341e-01,-2.237222385964924953e+00,2.359377413139614799e+00
4.559895516383757341e-01,-2.237222385964924953e+00,2.355765883814661343e+00
4.559895516383757341e-01,-2.237222385964924953e+00,2.355661610419376828e+00
4.559895516383757341e-01,-2.237222385964924953e+00,2.356975632248932584e+00
4.559895516383757341e-01,-2.237222385964924953e+00,2.358733994509099041e+00
4.559895516383757341e-01,-2.237222385964924953e+00,2.358404148112921206e+00
4.559895516383757341e-01,-2.237222385964924953e+00,2.359596325135839390e+00
4.559895516383757341e-01,-2.237222385964924953e+00,2.358340585095133335e+00
4.559895516383757341e-01,-2.237222385964924953e+00,2.357200477637012348e+00
4.559895516383757341e-01,-2.237222385964924953e+00,2.359145259447432696e+00
4.559895516383757341e-01,-2.237222385964924953e+00,2.358169333214699570e+00
4.559895516383757341e-01,-2.237222385964924953e+00,2.355807228423536070e+00
4.559895516383757341e-01,-2.237222385964924953e+00,2.359511222795449559e+00
2.125800984094320945e-01,-2.180197495971285537e+00,2.811521290765776282e+00
2.125800984094320945e-01,-2.180197495971285537e+00,2.819374855146372205e+00
2.125800984094320945e-01,-2.180197495971285537e+00,2.830711698799167397e+00
2.125800984094320945e-01,-2.180197495971285537e+00,2.844547735009447909e+00
2.125800984094320945e-01,-2.180197495971285537e+00,2.862460871374470806e+00
2.125800984094320945e-01,-2.180197495971285537e+00,2.875026214120161683e+00
2.125800984094320945e-01,-2.180197495971285537e+00,2.883246274327543990e+00
2.125800984094320945e-01,-2.180197495971285537e+00,2.887846574296395907e+00
2.125800984094320945e-01,-2.180197495971285537e+00,2.894413330689689978e+00
2.125800984094320945e-01,-2.180197495971285537e+00,2.899537624379094236e+00
2.125800984094320945e-01,-2.180197495971285537e+00,2.902786219113293154e+00
2.125800984094320945e-01,-2.180197495971285537e+00,2.908068582171663419e+00
2.125800984094320945e-01,-2.180197495971285537e+00,2.913599756669415175e+00
2.125800984094320945e-01,-2.180197495971285537e+00,2.917402729666005889e+00
2.125800984094320945e-01,-2.180197495971285537e+00,2.919640486938546609e+00
2.125800984094320945e-01,-2.180197495971285537e+00,2.917360091477397166e+00
2.125800984094320945e-01,-2.180197495971285537e+00,2.914223068750550372e+00
2.125800984094320945e-01,-2.180197495971285537e+00,2.909769556090480602e+00
2.125800984094320945e-01,-2.180197495971285537e+00,2.906067585418218080e+00
2.125800984094320945e-01,-2.180197495971285537e+00,2.900813241185968394e+00
2.125800984094320945e-01,-2.180197495971285537e+00,2.900985934614927153e+00
2.125800984094320945e-01,-2.180197495971285537e+00,2.891433687030565913e+00
2.125800984094320945e-01,-2.180197495971285537e+00,2.888180068152498503e+00
2.125800984094320945e-01,-2.180197495971285537e+00,2.878216576257210502e+00
2.125800984094320945e-01,-2.180197495971285537e+00,2.877761534450763659e+00
-6.405377803210210441e-03,-2.059593345097767703e+00,2.683914587297824728e+00
-6.405377803210210441e-03,-2.059593345097767703e+00,2.678461457819317104e+00
-6.405377803210210441e-03,-2.059593345097767703e+00,2.672662557249180892e+00
-6.405377803210210441e-03,-2.059593345097767703e+00,2.664502974482512609e+00
-6.405377803210210441e-03,-2.059593345097767703e+00,2.659412424257415530e+00
-6.405377803210210441e-03,-2.059593345097767703e+00,2.657782926618934560e+00
-6.405377803210210441e-03,-2.059593345097767703e+00,2.652047211304311869e+00
-6.405377803210210441e-03,-2.059593345097767703e+00,2.649544294620465479e+00
-6.405377803210210441e-03,-2.059593345097767703e+00,2.646005646193148042e+00
-6.405377803210210441e-03,-2.059593345097767703e+00,2.637972898346952366e+00
-6.405377803210210441e-03,-2.059593345097767703e+00,2.633764883350829589e+00
-6.405377803210210441e-03,-2.059593345097767703e+00,2.632554081888159203e+00
-6.405377803210210441e-03,-2.059593345097767703e+00,2.631965012829267980e+00
-6.405377803210210441e-03,-2.059593345097767703e+00,2.631457425975142428e+00
-6.405377803210210441e-03,-2.059593345097767703e+00,2.630966848442195083e+00
-6.405377803210210441e-03,-2.059593345097767703e+00,2.627886443190739829e+00
-6.405377803210210441e-03,-2.059593345097767703e+00,2.625469258303403386e+00
-6.405377803210210441e-03,-2.059593345097767703e+00,2.625850129068787897e+00
-6.405377803210210441e-03,-2.059593345097767703e+00,2.605043421627202260e+00
-6.405377803210210441e-03,-2.059593345097767703e+00,2.574197734923523218e+00
-6.405377803210210441e-03,-2.059593345097767703e+00,2.569080246915476984e+00
-6.405377803210210441e-03,-2.059593345097767703e+00,2.590688007006880511e+00
-2.541469484330164952e-01,-2.093121157162928014e+00,3.139657878988910245e+00
-2.541469484330164952e-01,-2.093121157162928014e+00,-3.131872861473782521e+00
-2.541469484330164952e-01,-2.093121157162928014e+00,-3.122693524338118198e+00
-2.541469484330164952e-01,-2.093121157162928014e+00,-3.111206314308272880e+00
-2.541469484330164952e-01,-2.093121157162928014e+00,-3.088768452932752151e+00
-2.541469484330164952e-01,-2.093121157162928014e+00,-3.070094970883162855e+00
-2.541469484330164952e-01,-2.093121157162928014e+00,-3.061894546739363676e+00
-2.541469484330164952e-01,-2.093121157162928014e+00,-3.050812462843454309e+00
-2.541469484330164952e-01,-2.093121157162928014e+00,-3.043162952371875729e+00
-2.541469484330164952e-01,-2.093121157162928014e+00,-3.037306645679874961e+00
-2.541469484330164952e-01,-2.093121157162928014e+00,-3.036511494181858062e+00
-2.541469484330164952e-01,-2.093121157162928014e+00,-3.028453644280833412e+00
-2.541469484330164952e-01,-2.093121157162928014e+00,-3.022411073345202759e+00
-2.541469484330164952e-01,-2.093121157162928014e+00,-3.018267260035578659e+00
-2.541469484330164952e-01,-2.093121157162928014e+00,-3.009716647329484296e+00
-2.541469484330164952e-01,-2.093121157162928014e+00,-3.014399731842368535e+00
-2.541469484330164952e-01,-2.093121157162928014e+00,-3.014435329320035883e+00
-2.541469484330164952e-01,-2.093121157162928014e+00,-3.019506744284728761e+00
-2.541469484330164952e-01,-2.093121157162928014e+00,-3.018292020588432933e+00
-2.541469484330164952e-01,-2.093121157162928014e+00,-3.018727819594493322e+00
-2.541469484330164952e-01,-2.093121157162928014e+00,-2.985973710426777838e+00
-2.541469484330164952e-01,-2.093121157162928014e+00,-2.993494919911795726e+00
-2.541469484330164952e-01,-2.093121157162928014e+00,-2.993259000574158168e+00
-2.541469484330164952e-01,-2.093121157162928014e+00,-2.990344658065505090e+00
-2.541469484330164952e-01,-2.093121157162928014e+00,-2.984436186990667927e+00
-2.541469484330164952e-01,-2.093121157162928014e+00,-2.995270838055192009e+00
-2.541469484330164952e-01,-2.093121157162928014e+00,-2.990129941478014697e+00
-5.041398841468940351e-01,-2.095000543540738391e+00,-3.105912068382518765e+00
-5.041398841468940351e-01,-2.095000543540738391e+00,-3.108576053715069065e+00
-5.041398841468940351e-01,-2.095000543540738391e+00,-3.111479575616742821e+00
-5.041398841468940351e-01,-2.095000543540738391e+00,-3.114095620969248301e+00
-5.041398841468940351e-01,-2.095000543540738391e+00,-3.119073506756331771e+00
-5.041398841468940351e-01,-2.095000543540738391e+00,-3.121971047416471023e+00
-5.041398841468940351e-01,-2.095000543540738391e+00,-3.127339139936258228e+00
-5.041398841468940351e-01,-2.095000543540738391e+00,-3.131644052551056490e+00
-5.041398841468940351e-01,-2.095000543540738391e+00,-3.133237804266450599e+00
-5.041398841468940351e-01,-2.095000543540738391e+00,-3.132839675811367908e+00
-5.041398841468940351e-01,-2.095000543540738391e+00,-3.131332356975472742e+00
-5.041398841468940351e-01,-2.095000543540738391e+00,-3.128890947655682098e+00
-5.041398841468940351e-01,-2.095000543540738391e+00,-3.129178846330113117e+00
-5.041398841468940351e-01,-2.095000543540738391e+00,-3.127411012841667226e+00
-5.041398841468940351e-01,-2.095000543540738391e+00,-3.125789200137196744e+00
-5.041398841468940351e-01,-2.095000543540738391e+00,-3.123041154150280718e+00
-5.041398841468940351e-01,-2.095000543540738391e+00,-3.123008437420388805e+00
-5.041398841468940351e-01,-2.095000543540738391e+00,-3.124377374980187749e+00
-5.041398841468940351e-01,-2.095000543540738391e+00,-3.121309956532430707e+00
-7.488739662712706746e-01,-2.146041987943682727e+00,-2.972838373571989212e+00
-7.488739662712706746e-01,-2.146041987943682727e+00,-2.969203819994878923e+00
-7.488739662712706746e-01,-2.146041987943682727e+00,-2.965858123433892324e+00
-7.488739662712706746e-01,-2.146041987943682727e+00,-2.961489743707001576e+00
-7.488739662712706746e-01,-2.146041987943682727e+00,-2.956200758608366730e+00
-7.488739662712706746e-01,-2.146041987943682727e+00,-2.952179001938512126e+00
-7.488739662712706746e-01,-2.146041987943682727e+00,-2.948575615589892784e+00
-7.488739662712706746e-01,-2.146041987943682727e+00,-2.942185103803070412e+00
-7.488739662712706746e-01,-2.146041987943682727e+00,-2.937369129437010340e+00
-7.488739662712706746e-01,-2.146041987943682727e+00,-2.931993969155785695e+00
-7.488739662712706746e-01,-2.146041987943682727e+00,-2.929268710772825468e+00
-7.488739662712706746e-01,-2.146041987943682727e+00,-2.926295302762162542e+00
-7.488739662712706746e-01,-2.146041987943682727e+00,-2.923450084772451163e+00
-7.488739662712706746e-01,-2.146041987943682727e+00,-2.923085191761608748e+00
-7.488739662712706746e-01,-2.146041987943682727e+00,-2.916723636814066545e+00
-7.488739662712706746e-01,-2.146041987943682727e+00,-2.913922240002554176e+00
-7.488739662712706746e-01,-2.146041987943682727e+00,-2.912537418061831307e+00
-7.488739662712706746e-01,-2.146041987943682727e+00,-2.909758732064926079e+00
-7.488739662712706746e-01,-2.146041987943682727e+00,-2.902208901368721783e+00
-7.488739662712706746e-01,-2.146041987943682727e+00,-2.897200950480501636e+00
-7.488739662712706746e-01,-2.146041987943682727e+00,-2.893249317680200772e+00
-9.645994280489544881e-01,-2.019699100764367650e+00,2.758364866470863763e+00
-9.645994280489544881e-01,-2.019699100764367650e+00,2.745224236459653078e+00
-9.645994280489544881e-01,-2.019699100764367650e+00,2.729798629309984737e+00
-9.645994280489544881e-01,-2.019699100764367650e+00,2.716430136155376651e+00
-9.645994280489544881e-01,-2.019699100764367650e+00,2.693630284521922658e+00
-9.645994280489544881e-01,-2.019699100764367650e+00,2.671593143905350409e+00
-9.645994280489544881e-01,-2.019699100764367650e+00,2.653382680484394296e+00
-9.645994280489544881e-01,-2.019699100764367650e+00,2.643421202988142316e+00
-9.645994280489544881e-01,-2.019699100764367650e+00,2.634614044268903665e+00
-9.645994280489544881e-01,-2.019699100764367650e+00,2.628712506069393218e+00
-9.645994280489544881e-01,-2.019699100764367650e+00,2.623220172892890112e+00
-9.645994280489544881e-01,-2.019699100764367650e+00,2.620049132881488330e+00
-9.645994280489544881e-01,-2.019699100764367650e+00,2.615273417599778050e+00
-9.645994280489544881e-01,-2.019699100764367650e+00,2.611377500768076398e+00
-9.645994280489544881e-01,-2.019699100764367650e+00,2.604464021952690889e+00
-9.645994280489544881e-01,-2.019699100764367650e+00,2.600729554781444186e+00
-9.645994280489544881e-01,-2.019699100764367650e+00,2.597720629378801327e+00
-9.645994280489544881e-01,-2.019699100764367650e+00,2.598145881315927497e+00
-9.645994280489544881e-01,-2.019699100764367650e+00,2.599985916852016299e+00
-9.645994280489544881e-01,-2.019699100764367650e+00,2.599455741871168790e+00
-9.645994280489544881e-01,-2.019699100764367650e+00,2.596912920999981278e+00
-9.645994280489544881e-01,-2.019699100764367650e+00,2.603532912842911440e+00
-9.645994280489544881e-01,-2.019699100764367650e+00,2.606658415196145384e+00
-9.645994280489544881e-01,-2.019699100764367650e+00,2.607064772514258166e+00
-9.645994280489544881e-01,-2.019699100764367650e+00,2.607310211218270446e+00
-9.645994280489544881e-01,-2.019699100764367650e+00,2.610024306512838344e+00
-9.645994280489544881e-01,-2.019699100764367650e+00,2.605759052236161999e+00
-9.645994280489544881e-01,-2.019699100764367650e+00,2.606410523680412261e+00
-1.167977738318747960e+00,-1.874312502648160184e+00,2.537946658263013244e+00
-1.167977738318747960e+00,-1.874312502648160184e+00,2.536926411446701390e+00
-1.167977738318747960e+00,-1.874312502648160184e+00,2.533455973576177467e+00
-1.167977738318747960e+00,-1.874312502648160184e+00,2.527950240026539674e+00
-1.167977738318747960e+00,-1.874312502648160184e+00,2.524331347502364764e+00
-1.167977738318747960e+00,-1.874312502648160184e+00,2.508935071718168874e+00
-1.167977738318747960e+00,-1.874312502648160184e+00,2.488115521734715063e+00
-1.167977738318747960e+00,-1.874312502648160184e+00,2.480445652343868268e+00
-1.167977738318747960e+00,-1.874312502648160184e+00,2.465438184007044065e+00
-1.167977738318747960e+00,-1.874312502648160184e+00,2.449725270242723685e+00
-1.167977738318747960e+00,-1.874312502648160184e+00,2.439865055020103757e+00
-1.167977738318747960e+00,-1.874312502648160184e+00,2.422155305499726463e+00
-1.167977738318747960e+00,-1.874312502648160184e+00,2.402293045342046351e+00
-1.167977738318747960e+00,-1.874312502648160184e+00,2.389710892070190607e+00
-1.167977738318747960e+00,-1.874312502648160184e+00,2.375319098800980466e+00
-1.141072464378009466e+00,-1.625764506811996135e+00,1.627572647347892199e+00
-1.141072464378009466e+00,-1.625764506811996135e+00,1.611215353379549020e+00
-1.141072464378009466e+00,-1.625764506811996135e+00,1.585662091767915838e+00
-1.141072464378009466e+00,-1.625764506811996135e+00,1.569183299345206617e+00
-1.141072464378009466e+00,-1.625764506811996135e+00,1.549707580518463690e+00
-1.141072464378009466e+00,-1.625764506811996135e+00,1.524017983653541020e+00
-1.141072464378009466e+00,-1.625764506811996135e+00,1.503194039211956046e+00
-1.141072464378009466e+00,-1.625764506811996135e+00,1.487084272137030316e+00
-1.141072464378009466e+00,-1.625764506811996135e+00,1.479098073348473097e+00
-1.141072464378009466e+00,-1.625764506811996135e+00,1.470001368572100064e+00
-1.141072464378009466e+00,-1.625764506811996135e+00,1.463152211942435166e+00
-1.141072464378009466e+00,-1.625764506811996135e+00,1.457502037522098615e+00
-1.141072464378009466e+00,-1.625764506811996135e+00,1.453641769090149749e+00
-1.141072464378009466e+00,-1.625764506811996135e+00,1.449292642110113105e+00
-1.141072464378009466e+00,-1.625764506811996135e+00,1.443105063458228310e+00
-1.141072464378009466e+00,-1.625764506811996135e+00,1.438605676409738354e+00
-1.141072464378009466e+00,-1.625764506811996135e+00,1.436538837210504349e+00
-1.141072464378009466e+00,-1.625764506811996135e+00,1.437639513589298979e+00
-1.141072464378009466e+00,-1.625764506811996135e+00,1.440477349003686847e+00
-1.141072464378009466e+00,-1.625764506811996135e+00,1.441476619967108519e+00
-1.141072464378009466e+00,-1.625764506811996135e+00,1.442554777437310420e+00
-1.141072464378009466e+00,-1.625764506811996135e+00,1.442506988597225925e+00
-1.141072464378009466e+00,-1.625764506811996135e+00,1.444790997693256474e+00
-1.141072464378009466e+00,-1.625764506811996135e+00,1.446937753186487097e+00
-1.141072464378009466e+00,-1.625764506811996135e+00,1.450389138188004523e+00
-1.141072464378009466e+00,-1.625764506811996135e+00,1.452595180391354157e+00
-1.141072464378009466e+00,-1.625764506811996135e+00,1.453621418835860046e+00
-1.141072464378009466e+00,-1.625764506811996135e+00,1.457906502461936871e+00
-1.254595444239411384e+00,-1.403025796562996641e+00,1.933921077333869087e+00
-1.254595444239411384e+00,-1.403025796562996641e+00,1.944777571244842962e+00
-1.254595444239411384e+00,-1.403025796562996641e+00,1.954760687816261777e+00
-1.254595444239411384e+00,-1.403025796562996641e+00,1.970887665915975306e+00
-1.254595444239411384e+00,-1.403025796562996641e+00,1.986510688302399297e+00
-1.254595444239411384e+00,-1.403025796562996641e+00,2.002035476362294286e+00
-1.254595444239411384e+00,-1.403025796562996641e+00,2.012168247913762809e+00
-1.254595444239411384e+00,-1.403025796562996641e+00,2.021506750350638981e+00
-1.254595444239411384e+00,-1.403025796562996641e+00,2.026398527277579298e+00
-1.254595444239411384e+00,-1.403025796562996641e+00,2.031354300574698790e+00
-1.254595444239411384e+00,-1.403025796562996641e+00,2.034262004949339175e+00
-1.254595444239411384e+00,-1.403025796562996641e+00,2.039340917533730480e+00
-1.254595444239411384e+00,-1.403025796562996641e+00,2.044817049641170392e+00
-1.254595444239411384e+00,-1.403025796562996641e+00,2.051483396595418451e+00
-1.254595444239411384e+00,-1.403025796562996641e+00,2.055294093076386996e+00
-1.254595444239411384e+00,-1.403025796562996641e+00,2.056845782704487480e+00
-1.254595444239411384e+00,-1.403025796562996641e+00,2.057836724441854503e+00
-1.254595444239411384e+00,-1.403025796562996641e+00,2.060033564481689172e+00
-1.254595444239411384e+00,-1.403025796562996641e+00,2.062650496167812264e+00
-1.254595444239411384e+00,-1.403025796562996641e+00,2.062964428793239158e+00
-1.254595444239411384e+00,-1.403025796562996641e+00,2.066030786479752468e+00
-1.254595444239411384e+00,-1.403025796562996641e+00,2.071767878161002052e+00
-1.254595444239411384e+00,-1.403025796562996641e+00,2.075112419667740848e+00
-1.254595444239411384e+00,-1.403025796562996641e+00,2.078823692510315624e+00
-1.254595444239411384e+00,-1.403025796562996641e+00,2.080231423484111275e+00
-1.350171347639081532e+00,-1.172016604777611271e+00,1.986783530287474120e+00
-1.350171347639081532e+00,-1.172016604777611271e+00,1.985681256681600226e+00
-1.350171347639081532e+00,-1.172016604777611271e+00,1.981613672381761004e+00
-1.350171347639081532e+00,-1.172016604777611271e+00,1.972935587794243828e+00
-1.350171347639081532e+00,-1.172016604777611271e+00,1.959568242244282166e+00
-1.350171347639081532e+00,-1.172016604777611271e+00,1.943109866010396924e+00
-1.350171347639081532e+00,-1.172016604777611271e+00,1.930260049027275659e+00
-1.350171347639081532e+00,-1.172016604777611271e+00,1.913777720369321589e+00
-1.350171347639081532e+00,-1.172016604777611271e+00,1.902781053655930421e+00
-1.350171347639081532e+00,-1.172016604777611271e+00,1.890005125393333874e+00
-1.350171347639081532e+00,-1.172016604777611271e+00,1.879996821769949422e+00
-1.350171347639081532e+00,-1.172016604777611271e+00,1.861990496625403058e+00
-1.350171347639081532e+00,-1.172016604777611271e+00,1.847846426722209667e+00
-1.350171347639081532e+00,-1.172016604777611271e+00,1.830992645475391978e+00
-1.350171347639081532e+00,-1.172016604777611271e+00,1.813923545226215905e+00
-1.596855171938604601e+00,-1.212600971582602272e+00,3.056378241175770505e+00
-1.596855171938604601e+00,-1.212600971582602272e+00,3.082863079590726585e+00
-1.596855171938604601e+00,-1.212600971582602272e+00,3.105828065181516440e+00
-1.596855171938604601e+00,-1.212600971582602272e+00,3.126613013759139026e+00
-1.596855171938604601e+00,-1.212600971582602272e+00,3.138122360723689219e+00
-1.596855171938604601e+00,-1.212600971582602272e+00,-3.126666645636797526e+00
-1.596855171938604601e+00,-1.212600971582602272e+00,-3.106488199448692811e+00
-1.596855171938604601e+00,-1.212600971582602272e+00,-3.086376606843228565e+00
-1.596855171938604601e+00,-1.212600971582602272e+00,-3.061893973210995323e+00
-1.596855171938604601e+00,-1.212600971582602272e+00,-3.037499758379965442e+00
-1.596855171938604601e+00,-1.212600971582602272e+00,-3.020542952741450460e+00
-1.596855171938604601e+00,-1.212600971582602272e+00,-3.008898994488723666e+00
-1.596855171938604601e+00,-1.212600971582602272e+00,-3.000867060345056458e+00
-1.596855171938604601e+00,-1.212600971582602272e+00,-2.991590966292851927e+00
-1.596855171938604601e+00,-1.212600971582602272e+00,-2.988530299904156973e+00
-1.596855171938604601e+00,-1.212600971582602272e+00,-2.983191195010510555e+00
-1.596855171938604601e+00,-1.212600971582602272e+00,-2.979788698892890331e+00
-1.596855171938604601e+00,-1.212600971582602272e+00,-2.973520038494911866e+00
-1.596855171938604601e+00,-1.212600971582602272e+00,-2.969714230376956809e+00
-1.596855171938604601e+00,-1.212600971582602272e+00,-2.966870643085337544e+00
-1.596855171938604601e+00,-1.212600971582602272e+00,-2.965334540315016199e+00
-1.596855171938604601e+00,-1.212600971582602272e+00,-2.964191641589605020e+00
-1.596855171938604601e+00,-1.212600971582602272e+00,-2.964720422811197409e+00
-1.596855171938604601e+00,-1.212600971582602272e+00,-2.965064899499243900e+00
-1.596855171938604601e+00,-1.212600971582602272e+00,-2.957919153220370578e+00
-1.596855171938604601e+00,-1.212600971582602272e+00,-2.954778693375798237e+00
-1.596855171938604601e+00,-1.212600971582602272e+00,-2.948218083648330268e+00
-1.596855171938604601e+00,-1.212600971582602272e+00,-2.947849625588500722e+00
-1.596855171938604601e+00,-1.212600971582602272e+00,-2.950922675886473723e+00
-1.596855171938604601e+00,-1.212600971582602272e+00,-2.925102894150457100e+00
-1.815086117106373687e+00,-1.090636818770465810e+00,2.770647336760703627e+00
-1.815086117106373687e+00,-1.090636818770465810e+00,2.758660484321506345e+00
-1.815086117106373687e+00,-1.090636818770465810e+00,2.743725271198779847e+00
-1.815086117106373687e+00,-1.090636818770465810e+00,2.726022844139974310e+00
-1.815086117106373687e+00,-1.090636818770465810e+00,2.711118582317450620e+00
-1.815086117106373687e+00,-1.090636818770465810e+00,2.690434090347068707e+00
-1.815086117106373687e+00,-1.090636818770465810e+00,2.680070202509691857e+00
-1.815086117106373687e+00,-1.090636818770465810e+00,2.671879507603155623e+00
-1.815086117106373687e+00,-1.090636818770465810e+00,2.662727153113134015e+00
-1.815086117106373687e+00,-1.090636818770465810e+00,2.658036614684043730e+00
-1.815086117106373687e+00,-1.090636818770465810e+00,2.654451929269357358e+00
-1.815086117106373687e+00,-1.090636818770465810e+00,2.649430204698949964e+00
-1.815086117106373687e+00,-1.090636818770465810e+00,2.645540141228834852e+00
-1.815086117106373687e+00,-1.090636818770465810e+00,2.639638505919817746e+00
-1.815086117106373687e+00,-1.090636818770465810e+00,2.637867135872545621e+00
-1.815086117106373687e+00,-1.090636818770465810e+00,2.633656106647506157e+00
-1.815086117106373687e+00,-1.090636818770465810e+00,2.637767658052799558e+00
-1.815086117106373687e+00,-1.090636818770465810e+00,2.637313341047850201e+00
-1.815086117106373687e+00,-1.090636818770465810e+00,2.642246463843830107e+00
-1.815086117106373687e+00,-1.090636818770465810e+00,2.640499069387976405e+00
-1.815086117106373687e+00,-1.090636818770465810e+00,2.646880558602214606e+00
-1.815086117106373687e+00,-1.090636818770465810e+00,2.643023884746189101e+00
-1.815086117106373687e+00,-1.090636818770465810e+00,2.643189117395293053e+00
-1.815086117106373687e+00,-1.090636818770465810e+00,2.644916428375470918e+00
-1.815086117106373687e+00,-1.090636818770465810e+00,2.645861925969238193e+00
-1.815086117106373687e+00,-1.090636818770465810e+00,2.644350897388627164e+00
-1.999385506627769260e+00,-9.217175036462299520e-01,2.451546628212032619e+00
-1.999385506627769260e+00,-9.217175036462299520e-01,2.446298602835284886e+00
-1.999385506627769260e+00,-9.217175036462299520e-01,2.441675162969998425e+00
-1.999385506627769260e+00,-9.217175036462299520e-01,2.435102772327440768e+00
-1.999385506627769260e+00,-9.217175036462299520e-01,2.428159624215894041e+00
-1.999385506627769260e+00,-9.217175036462299520e-01,2.422840237688236087e+00
-1.999385506627769260e+00,-9.217175036462299520e-01,2.420088223583940046e+00
-1.999385506627769260e+00,-9.217175036462299520e-01,2.414947120037507666e+00
-1.999385506627769260e+00,-9.217175036462299520e-01,2.410721702578301429e+00
-1.999385506627769260e+00,-9.217175036462299520e-01,2.403773753901822019e+00
-1.999385506627769260e+00,-9.217175036462299520e-01,2.401375061486363371e+00
-1.999385506627769260e+00,-9.217175036462299520e-01,2.398745224780369334e+00
-1.999385506627769260e+00,-9.217175036462299520e-01,2.398784126920267656e+00
-1.999385506627769260e+00,-9.217175036462299520e-01,2.400348438349955593e+00
-1.999385506627769260e+00,-9.217175036462299520e-01,2.402929631225882545e+00
-1.999385506627769260e+00,-9.217175036462299520e-01,2.404266778005669902e+00
-1.999385506627769260e+00,-9.217175036462299520e-01,2.404321208596846837e+00
-1.999385506627769260e+00,-9.217175036462299520e-01,2.407692786024491216e+00
-1.999385506627769260e+00,-9.217175036462299520e-01,2.406367540666031868e+00
-1.999385506627769260e+00,-9.217175036462299520e-01,2.405840313748440096e+00
-1.999385506627769260e+00,-9.217175036462299520e-01,2.404194257191190509e+00
-1.999385506627769260e+00,-9.217175036462299520e-01,2.405462952573385493e+00
-2.219271524959923525e+00,-8.027631470970415517e-01,2.597287529927728045e+00
-2.219271524959923525e+00,-8.027631470970415517e-01,2.602302698344149956e+00
-2.219271524959923525e+00,-8.027631470970415517e-01,2.607544755316081542e+00
-2.219271524959923525e+00,-8.027631470970415517e-01,2.613151822499171661e+00
-2.219271524959923525e+00,-8.027631470970415517e-01,2.618445316278722235e+00
-2.219271524959923525e+00,-8.027631470970415517e-01,2.624470043765582350e+00
-2.219271524959923525e+00,-8.027631470970415517e-01,2.627578336758293887e+00
-2.219271524959923525e+00,-8.027631470970415517e-01,2.631257520794473947e+00
-2.219271524959923525e+00,-8.027631470970415517e-01,2.637093215368558230e+00
-2.219271524959923525e+00,-8.027631470970415517e-01,2.644276582700262779e+00
-2.219271524959923525e+00,-8.027631470970415517e-01,2.647268597801897272e+00
-2.219271524959923525e+00,-8.027631470970415517e-01,2.646453491783130385e+00
-2.219271524959923525e+00,-8.027631470970415517e-01,2.643524388308585493e+00
-2.219271524959923525e+00,-8.027631470970415517e-01,2.643397406636185831e+00
-2.219271524959923525e+00,-8.027631470970415517e-01,2.642333981510786245e+00
-2.219271524959923525e+00,-8.027631470970415517e-01,2.641043059966234452e+00
-2.219271524959923525e+00,-8.027631470970415517e-01,2.638689475256008166e+00
-2.219271524959923525e+00,-8.027631470970415517e-01,2.640158277463692027e+00
-2.219271524959923525e+00,-8.027631470970415517e-01,2.643633923498647231e+00
-2.219271524959923525e+00,-8.027631470970415517e-01,2.638651655496190962e+00
-2.219271524959923525e+00,-8.027631470970415517e-01,2.641047203062869997e+00
-2.451511227640812418e+00,-8.953089222501646738e-01,-2.933963849354181974e+00
-2.451511227640812418e+00,-8.953089222501646738e-01,-2.920361909164624681e+00
-2.451511227640812418e+00,-8.953089222501646738e-01,-2.898617276832745393e+00
-2.451511227640812418e+00,-8.953089222501646738e-01,-2.882170570345675475e+00
-2.451511227640812418e+00,-8.953089222501646738e-01,-2.861356934909013106e+00
-2.451511227640812418e+00,-8.953089222501646738e-01,-2.839835287652557216e+00
-2.451511227640812418e+00,-8.953089222501646738e-01,-2.822640411611243128e+00
-2.451511227640812418e+00,-8.953089222501646738e-01,-2.811262484866337008e+00
-2.451511227640812418e+00,-8.953089222501646738e-01,-2.796289888689973413e+00
-2.451511227640812418e+00,-8.953089222501646738e-01,-2.769897357231988710e+00
-2.451511227640812418e+00,-8.953089222501646738e-01,-2.765051643167718343e+00
-2.451511227640812418e+00,-8.953089222501646738e-01,-2.761983419863990541e+00
-2.451511227640812418e+00,-8.953089222501646738e-01,-2.760792655429991971e+00
-2.451511227640812418e+00,-8.953089222501646738e-01,-2.764214324317165516e+00
-2.451511227640812418e+00,-8.953089222501646738e-01,-2.773192486495905218e+00
-2.451511227640812418e+00,-8.953089222501646738e-01,-2.781878200046641325e+00
-2.451511227640812418e+00,-8.953089222501646738e-01,-2.793731702670971373e+00
-2.451511227640812418e+00,-8.953089222501646738e-01,-2.803882328492870890e+00
-2.451511227640812418e+00,-8.953089222501646738e-01,-2.815457245711793455e+00
-2.451511227640812418e+00,-8.953089222501646738e-01,-2.826152348412122262e+00
-2.451511227640812418e+00,-8.953089222501646738e-01,-2.838767126588656264e+00
-2.451511227640812418e+00,-8.953089222501646738e-01,-2.849236963617126417e+00
-2.451511227640812418e+00,-8.953089222501646738e-01,-2.866542566260657399e+00
-2.451511227640812418e+00,-8.953089222501646738e-01,-2.877764313333693647e+00
-2.451511227640812418e+00,-8.953089222501646738e-01,-2.899810073333063176e+00
-2.698120496834871762e+00,-8.542739573108366624e-01,3.048385799243042982e+00
-2.698120496834871762e+00,-8.542739573108366624e-01,3.037240614682347406e+00
-2.698120496834871762e+00,-8.542739573108366624e-01,3.026736901798230850e+00
-2.698120496834871762e+00,-8.542739573108366624e-01,3.021241430590068777e+00
-2.698120496834871762e+00,-8.542739573108366624e-01,3.029396223330324212e+00
-2.698120496834871762e+00,-8.542739573108366624e-01,3.034390773928042684e+00
-2.698120496834871762e+00,-8.542739573108366624e-01,3.028900592141167802e+00
-2.698120496834871762e+00,-8.542739573108366624e-01,3.012242812532062164e+00
-2.698120496834871762e+00,-8.542739573108366624e-01,3.005587940535532354e+00
-2.698120496834871762e+00,-8.542739573108366624e-01,2.988679556995911479e+00
-2.698120496834871762e+00,-8.542739573108366624e-01,2.985281653841151517e+00
-2.698120496834871762e+00,-8.542739573108366624e-01,2.973900575246047229e+00
-2.698120496834871762e+00,-8.542739573108366624e-01,2.973568166068380592e+00
-2.698120496834871762e+00,-8.542739573108366624e-01,2.975338609435320691e+00
-2.698120496834871762e+00,-8.542739573108366624e-01,2.971858767634915299e+00
-2.698120496834871762e+00,-8.542739573108366624e-01,2.967701926579604521e+00
-2.698120496834871762e+00,-8.542739573108366624e-01,2.963093579683009793e+00
-2.698120496834871762e+00,-8.542739573108366624e-01,2.957638122653969415e+00
-2.698120496834871762e+00,-8.542739573108366624e-01,2.953266955042964437e+00
-2.698120496834871762e+00,-8.542739573108366624e-01,2.950909486959170991e+00
-2.698120496834871762e+00,-8.542739573108366624e-01,2.953080052893106711e+00
-2.698120496834871762e+00,-8.542739573108366624e-01,2.958475183677823139e+00
-2.698120496834871762e+00,-8.542739573108366624e-01,2.959496092606703321e+00
-2.698120496834871762e+00,-8.542739573108366624e-01,2.955500811867379340e+00
-2.698120496834871762e+00,-8.542739573108366624e-01,2.968706360778544884e+00
-2.698120496834871762e+00,-8.542739573108366624e-01,2.964278912169937552e+00
-2.698120496834871762e+00,-8.542739573108366624e-01,2.984007889244119305e+00
-2.698120496834871762e+00,-8.542739573108366624e-01,2.983329381924473278e+00
-2.698120496834871762e+00,-8.542739573108366624e-01,2.988898564939493685e+00
-2.698120496834871762e+00,-8.542739573108366624e-01,2.952681790797009320e+00
-2.932031713173682164e+00,-7.660382339846336652e-01,2.822718064077334610e+00
-2.932031713173682164e+00,-7.660382339846336652e-01,2.819037616560377213e+00
-2.932031713173682164e+00,-7.660382339846336652e-01,2.816525707592008931e+00
-2.932031713173682164e+00,-7.660382339846336652e-01,2.810907240050491751e+00
-2.932031713173682164e+00,-7.660382339846336652e-01,2.807067023458772681e+00
-2.932031713173682164e+00,-7.660382339846336652e-01,2.795308958130918953e+00
-2.932031713173682164e+00,-7.660382339846336652e-01,2.795181823749431693e+00
-2.932031713173682164e+00,-7.660382339846336652e-01,2.787430812462828644e+00
-2.932031713173682164e+00,-7.660382339846336652e-01,2.790621266767579822e+00
-2.932031713173682164e+00,-7.660382339846336652e-01,2.798066735667696481e+00
-2.932031713173682164e+00,-7.660382339846336652e-01,2.823299538855002400e+00
-2.932031713173682164e+00,-7.660382339846336652e-01,2.852711269169250219e+00
-2.932031713173682164e+00,-7.660382339846336652e-01,2.850883425587439124e+00
-2.932031713173682164e+00,-7.660382339846336652e-01,2.851711048244805813e+00
-2.932031713173682164e+00,-7.660382339846336652e-01,2.842944466704392603e+00
-2.932031713173682164e+00,-7.660382339846336652e-01,2.840989851268394872e+00
-2.932031713173682164e+00,-7.660382339846336652e-01,2.825037169840755702e+00
-2.932031713173682164e+00,-7.660382339846336652e-01,2.814545437363981772e+00
-2.932031713173682164e+00,-7.660382339846336652e-01,2.805562419958551601e+00
-2.932031713173682164e+00,-7.660382339846336652e-01,2.797827058917459642e+00
-2.932031713173682164e+00,-7.660382339846336652e-01,2.794319622052682472e+00
-2.932031713173682164e+00,-7.660382339846336652e-01,2.792538252153036638e+00
-2.932031713173682164e+00,-7.660382339846336652e-01,2.787828291445669571e+00
-2.932031713173682164e+00,-7.660382339846336652e-01,2.780839335400338008e+00
-2.932031713173682164e+00,-7.660382339846336652e-01,2.776908856631050249e+00
-2.932031713173682164e+00,-7.660382339846336652e-01,2.773309363026438046e+00
-2.932031713173682164e+00,-7.660382339846336652e-01,2.771049990119904383e+00
-2.932031713173682164e+00,-7.660382339846336652e-01,2.770259284704847502e+00
-2.932031713173682164e+00,-7.660382339846336652e-01,2.771160137688569058e+00
-2.932031713173682164e+00,-7.660382339846336652e-01,2.767825224732884504e+00
-2.932031713173682164e+00,-7.660382339846336652e-01,2.767388418591666177e+00
-2.932031713173682164e+00,-7.660382339846336652e-01,2.761947257712673576e+00
-2.932031713173682164e+00,-7.660382339846336652e-01,2.759928872346647744e+00
-2.932031713173682164e+00,-7.660382339846336652e-01,2.757284580972283461e+00
-2.932031713173682164e+00,-7.660382339846336652e-01,2.748632366617327349e+00
-2.932031713173682164e+00,-7.660382339846336652e-01,2.739225593175829587e+00
-3.076940828013295715e+00,-5.623194365299076791e-01,2.290446722273028701e+00
-3.076940828013295715e+00,-5.623194365299076791e-01,2.279218923040024158e+00
-3.076940828013295715e+00,-5.623194365299076791e-01,2.266447047258805636e+00
-3.076940828013295715e+00,-5.623194365299076791e-01,2.248144668351720110e+00
-3.076940828013295715e+00,-5.623194365299076791e-01,2.235802607001466491e+00
-3.076940828013295715e+00,-5.623194365299076791e-01,2.222507232593982973e+00
-3.076940828013295715e+00,-5.623194365299076791e-01,2.210662584999931290e+00
-3.076940828013295715e+00,-5.623194365299076791e-01,2.203711228419637180e+00
-3.076940828013295715e+00,-5.623194365299076791e-01,2.199461674961552315e+00
-3.076940828013295715e+00,-5.623194365299076791e-01,2.193399611695661111e+00
-3.076940828013295715e+00,-5.623194365299076791e-01,2.190328541009451069e+00
-3.076940828013295715e+00,-5.623194365299076791e-01,2.183927653583874751e+00
-3.076940828013295715e+00,-5.623194365299076791e-01,2.176316284246074151e+00
-3.076940828013295715e+00,-5.623194365299076791e-01,2.174279974859965492e+00
-3.076940828013295715e+00,-5.623194365299076791e-01,2.175183158921126125e+00
-3.076940828013295715e+00,-5.623194365299076791e-01,2.176901269221057422e+00
-3.076940828013295715e+00,-5.623194365299076791e-01,2.171654437307112051e+00
-3.076940828013295715e+00,-5.623194365299076791e-01,2.167854342140247415e+00
-3.076940828013295715e+00,-5.623194365299076791e-01,2.168492862888484307e+00
-3.076940828013295715e+00,-5.623194365299076791e-01,2.166386952312616465e+00
-3.076940828013295715e+00,-5.623194365299076791e-01,2.169194046691082178e+00
-3.076940828013295715e+00,-5.623194365299076791e-01,2.162339526756110075e+00
-3.076940828013295715e+00,-5.623194365299076791e-01,2.175767577466079850e+00
-3.076940828013295715e+00,-5.623194365299076791e-01,2.172766580207954323e+00
-3.305744746874502926e+00,-4.615783490146631585e-01,2.612728647328832920e+00
-3.305744746874502926e+00,-4.615783490146631585e-01,2.624934874018366671e+00
-3.305744746874502926e+00,-4.615783490146631585e-01,2.634169635390796405e+00
-3.305744746874502926e+00,-4.615783490146631585e-01,2.648831492057119874e+00
-3.305744746874502926e+00,-4.615783490146631585e-01,2.663173649842693003e+00
-3.305744746874502926e+00,-4.615783490146631585e-01,2.676513536172977936e+00
-3.305744746874502926e+00,-4.615783490146631585e-01,2.684493198124549451e+00
-3.305744746874502926e+00,-4.615783490146631585e-01,2.695124449733284244e+00
-3.305744746874502926e+00,-4.615783490146631585e-01,2.697800305506523610e+00
-3.305744746874502926e+00,-4.615783490146631585e-01,2.703544203336639029e+00
-3.305744746874502926e+00,-4.615783490146631585e-01,2.705164610223283361e+00
-3.305744746874502926e+00,-4.615783490146631585e-01,2.710294170631156963e+00
-3.305744746874502926e+00,-4.615783490146631585e-01,2.716755393316776512e+00
-3.305744746874502926e+00,-4.615783490146631585e-01,2.721853357209563562e+00
-3.305744746874502926e+00,-4.615783490146631585e-01,2.721945327358513467e+00
-3.305744746874502926e+00,-4.615783490146631585e-01,2.724185764615014271e+00
-3.305744746874502926e+00,-4.615783490146631585e-01,2.720007624251389089e+00
-3.305744746874502926e+00,-4.615783490146631585e-01,2.716969321881423927e+00
-3.305744746874502926e+00,-4.615783490146631585e-01,2.714719905980361503e+00
-3.305744746874502926e+00,-4.615783490146631585e-01,2.709522946738626814e+00
-3.305744746874502926e+00,-4.615783490146631585e-01,2.706116073001070266e+00
-3.305744746874502926e+00,-4.615783490146631585e-01,2.702643190463679623e+00
-3.305744746874502926e+00,-4.615783490146631585e-01,2.698849197792359433e+00
-3.305744746874502926e+00,-4.615783490146631585e-01,2.692682415125414064e+00
-3.305744746874502926e+00,-4.615783490146631585e-01,2.688223687562360631e+00
-3.305744746874502926e+00,-4.615783490146631585e-01,2.680894869026677618e+00
-3.507445885056257762e+00,-3.138737422612358774e-01,2.541869523660318375e+00
-3.507445885056257762e+00,-3.138737422612358774e-01,2.536191980804260560e+00
-3.507445885056257762e+00,-3.138737422612358774e-01,2.531577338462097870e+00
-3.507445885056257762e+00,-3.138737422612358774e-01,2.526701110661065730e+00
-3.507445885056257762e+00,-3.138737422612358774e-01,2.520610111216416982e+00
-3.507445885056257762e+00,-3.138737422612358774e-01,2.517308510797121368e+00
-3.507445885056257762e+00,-3.138737422612358774e-01,2.512608772387841860e+00
-3.507445885056257762e+00,-3.138737422612358774e-01,2.507971991515981713e+00
-3.507445885056257762e+00,-3.138737422612358774e-01,2.502732776947580895e+00
-3.507445885056257762e+00,-3.138737422612358774e-01,2.500365309996315677e+00
-3.507445885056257762e+00,-3.138737422612358774e-01,2.500162999767903571e+00
-3.507445885056257762e+00,-3.138737422612358774e-01,2.502032722852264524e+00
-3.507445885056257762e+00,-3.138737422612358774e-01,2.499995804741717897e+00
-3.507445885056257762e+00,-3.138737422612358774e-01,2.501503044659781683e+00
-3.507445885056257762e+00,-3.138737422612358774e-01,2.499402124026428140e+00
-3.507445885056257762e+00,-3.138737422612358774e-01,2.500033853443066167e+00
-3.507445885056257762e+00,-3.138737422612358774e-01,2.499894505427959324e+00
-3.507445885056257762e+00,-3.138737422612358774e-01,2.502964498394137038e+00
-3.507445885056257762e+00,-3.138737422612358774e-01,2.505561767082320923e+00
-3.507445885056257762e+00,-3.138737422612358774e-01,2.502223984173376437e+00
-3.726402098256597295e+00,-1.932164726875898464e-01,2.608176258250655799e+00
-3.726402098256597295e+00,-1.932164726875898464e-01,2.612107685708095151e+00
-3.726402098256597295e+00,-1.932164726875898464e-01,2.616681367085868182e+00
-3.726402098256597295e+00,-1.932164726875898464e-01,2.619763175739842076e+00
-3.726402098256597295e+00,-1.932164726875898464e-01,2.623544245862547086e+00
-3.726402098256597295e+00,-1.932164726875898464e-01,2.629115034202076817e+00
-3.726402098256597295e+00,-1.932164726875898464e-01,2.635605657317446227e+00
-3.726402098256597295e+00,-1.932164726875898464e-01,2.640635100920393885e+00
-3.726402098256597295e+00,-1.932164726875898464e-01,2.645087333116888928e+00
-3.726402098256597295e+00,-1.932164726875898464e-01,2.648757561517188996e+00
-3.726402098256597295e+00,-1.932164726875898464e-01,2.650317895075974040e+00
-3.726402098256597295e+00,-1.932164726875898464e-01,2.656249904113501259e+00
-3.726402098256597295e+00,-1.932164726875898464e-01,2.659448685055138206e+00
-3.726402098256597295e+00,-1.932164726875898464e-01,2.665690445866415459e+00
-3.726402098256597295e+00,-1.932164726875898464e-01,2.667718216297112921e+00
-3.726402098256597295e+00,-1.932164726875898464e-01,2.674227244997889219e+00
-3.726402098256597295e+00,-1.932164726875898464e-01,2.680890613548467805e+00
-3.726402098256597295e+00,-1.932164726875898464e-01,2.688528181503237136e+00
-3.922149590727755708e+00,-3.487250550592835285e-01,-2.678688568145998428e+00
-3.922149590727755708e+00,-3.487250550592835285e-01,-2.651710813485528728e+00
-3.922149590727755708e+00,-3.487250550592835285e-01,-2.633724800744544847e+00
-3.922149590727755708e+00,-3.487250550592835285e-01,-2.609713798199320145e+00
-3.922149590727755708e+00,-3.487250550592835285e-01,-2.595075394285056181e+00
-3.922149590727755708e+00,-3.487250550592835285e-01,-2.572058046204050097e+00
-3.922149590727755708e+00,-3.487250550592835285e-01,-2.550171631426073837e+00
-3.922149590727755708e+00,-3.487250550592835285e-01,-2.531381592137985415e+00
-3.922149590727755708e+00,-3.487250550592835285e-01,-2.518982941616460192e+00
-3.922149590727755708e+00,-3.487250550592835285e-01,-2.508139558969173954e+00
-3.922149590727755708e+00,-3.487250550592835285e-01,-2.497207797646144201e+00
-3.922149590727755708e+00,-3.487250550592835285e-01,-2.491620101773418750e+00
-3.922149590727755708e+00,-3.487250550592835285e-01,-2.486511190789521653e+00
-3.922149590727755708e+00,-3.487250550592835285e-01,-2.482336948869543480e+00
-3.922149590727755708e+00,-3.487250550592835285e-01,-2.478221479077657108e+00
-3.922149590727755708e+00,-3.487250550592835285e-01,-2.474619551721648936e+00
-3.922149590727755708e+00,-3.487250550592835285e-01,-2.468763369858358647e+00
-3.922149590727755708e+00,-3.487250550592835285e-01,-2.464638337638985099e+00
-3.922149590727755708e+00,-3.487250550592835285e-01,-2.463017606385502489e+00
-3.922149590727755708e+00,-3.487250550592835285e-01,-2.464263260660181754e+00
-3.922149590727755708e+00,-3.487250550592835285e-01,-2.464795157489811928e+00
-3.922149590727755708e+00,-3.487250550592835285e-01,-2.465265412364959552e+00
-3.922149590727755708e+00,-3.487250550592835285e-01,-2.465139506309006023e+00
-3.922149590727755708e+00,-3.487250550592835285e-01,-2.467664368136214481e+00
-3.922149590727755708e+00,-3.487250550592835285e-01,-2.468238828379962779e+00
-3.922149590727755708e+00,-3.487250550592835285e-01,-2.469868383203770446e+00
-3.922149590727755708e+00,-3.487250550592835285e-01,-2.471231064551955292e+00
-3.922149590727755708e+00,-3.487250550592835285e-01,-2.475076687635363815e+00
-3.922149590727755708e+00,-3.487250550592835285e-01,-2.478327964951095197e+00
-4.091941406949718640e+00,-5.322209382393895405e-01,-2.351394535084827098e+00
-4.091941406949718640e+00,-5.322209382393895405e-01,-2.348234966254312717e+00
-4.091941406949718640e+00,-5.322209382393895405e-01,-2.345373557531588382e+00
-4.091941406949718640e+00,-5.322209382393895405e-01,-2.342600907559873935e+00
-4.091941406949718640e+00,-5.322209382393895405e-01,-2.338268171372075432e+00
-4.091941406949718640e+00,-5.322209382393895405e-01,-2.334322947497492251e+00
-4.091941406949718640e+00,-5.322209382393895405e-01,-2.327730774348222731e+00
-4.091941406949718640e+00,-5.322209382393895405e-01,-2.323263261866738816e+00
-4.091941406949718640e+00,-5.322209382393895405e-01,-2.320718091194402533e+00
-4.091941406949718640e+00,-5.322209382393895405e-01,-2.318751322468906473e+00
-4.091941406949718640e+00,-5.322209382393895405e-01,-2.319107326882739795e+00
-4.091941406949718640e+00,-5.322209382393895405e-01,-2.318424959186602852e+00
-4.091941406949718640e+00,-5.322209382393895405e-01,-2.319211794777336966e+00
-4.091941406949718640e+00,-5.322209382393895405e-01,-2.318429170369860071e+00
-4.091941406949718640e+00,-5.322209382393895405e-01,-2.320117005062951154e+00
-4.091941406949718640e+00,-5.322209382393895405e-01,-2.319649489351212512e+00
-4.091941406949718640e+00,-5.322209382393895405e-01,-2.319774141915150079e+00
-4.091941406949718640e+00,-5.322209382393895405e-01,-2.322861427662449518e+00
-4.091941406949718640e+00,-5.322209382393895405e-01,-2.320229476265499358e+00
-4.091941406949718640e+00,-5.322209382393895405e-01,-2.316131025298726165e+00
-4.300505044213248418e+00,-6.700658119612907804e-01,-2.511578069173406647e+00
-4.300505044213248418e+00,-6.700658119612907804e-01,-2.516287647118238269e+00
-4.300505044213248418e+00,-6.700658119612907804e-01,-2.521725465009794664e+00
-4.300505044213248418e+00,-6.700658119612907804e-01,-2.526657016516786314e+00
-4.300505044213248418e+00,-6.700658119612907804e-01,-2.533902054060957809e+00
-4.300505044213248418e+00,-6.700658119612907804e-01,-2.539668072804274424e+00
-4.300505044213248418e+00,-6.700658119612907804e-01,-2.543690242151400049e+00
-4.300505044213248418e+00,-6.700658119612907804e-01,-2.546578023543665026e+00
-4.300505044213248418e+00,-6.700658119612907804e-01,-2.552376640196683422e+00
-4.300505044213248418e+00,-6.700658119612907804e-01,-2.556104221806407839e+00
-4.300505044213248418e+00,-6.700658119612907804e-01,-2.558694276251508803e+00
-4.300505044213248418e+00,-6.700658119612907804e-01,-2.559189318940524149e+00
-4.300505044213248418e+00,-6.700658119612907804e-01,-2.555418556527224716e+00
-4.300505044213248418e+00,-6.700658119612907804e-01,-2.552763511588157286e+00
-4.300505044213248418e+00,-6.700658119612907804e-01,-2.551389920752425766e+00
-4.300505044213248418e+00,-6.700658119612907804e-01,-2.548593009824875910e+00
-4.300505044213248418e+00,-6.700658119612907804e-01,-2.547659041295881721e+00
-4.300505044213248418e+00,-6.700658119612907804e-01,-2.542807668508215269e+00
-4.300505044213248418e+00,-6.700658119612907804e-01,-2.539951978133703658e+00
-4.300505044213248418e+00,-6.700658119612907804e-01,-2.538961771180756166e+00
-4.300505044213248418e+00,-6.700658119612907804e-01,-2.530333914228299452e+00
-4.300505044213248418e+00,-6.700658119612907804e-01,-2.528201297250928903e+00
-4.498046077641876472e+00,-5.168419883830044359e-01,2.687040483203175789e+00
-4.498046077641876472e+00,-5.168419883830044359e-01,2.669124702425786477e+00
-4.498046077641876472e+00,-5.168419883830044359e-01,2.648138858852720823e+00
-4.498046077641876472e+00,-5.168419883830044359e-01,2.628042700539400922e+00
-4.498046077641876472e+00,-5.168419883830044359e-01,2.608655245523715305e+00
-4.498046077641876472e+00,-5.168419883830044359e-01,2.592990000383752491e+00
-4.498046077641876472e+00,-5.168419883830044359e-01,2.563138591853814763e+00
-4.498046077641876472e+00,-5.168419883830044359e-01,2.548488020886714001e+00
-4.498046077641876472e+00,-5.168419883830044359e-01,2.526566302431095146e+00
-4.498046077641876472e+00,-5.168419883830044359e-01,2.514583113684635496e+00
-4.498046077641876472e+00,-5.168419883830044359e-01,2.497276166194151603e+00
-4.498046077641876472e+00,-5.168419883830044359e-01,2.490330107119041791e+00
-4.498046077641876472e+00,-5.168419883830044359e-01,2.482518621362602040e+00
-4.498046077641876472e+00,-5.168419883830044359e-01,2.476688894435274069e+00
-4.498046077641876472e+00,-5.168419883830044359e-01,2.473549913621966745e+00
-4.498046077641876472e+00,-5.168419883830044359e-01,2.469212931986189297e+00
-4.498046077641876472e+00,-5.168419883830044359e-01,2.463849336567048187e+00
-4.498046077641876472e+00,-5.168419883830044359e-01,2.459226519830000068e+00
-4.498046077641876472e+00,-5.168419883830044359e-01,2.455242719616661962e+00
-4.498046077641876472e+00,-5.168419883830044359e-01,2.452039585894059126e+00
-4.498046077641876472e+00,-5.168419883830044359e-01,2.453521107432957038e+00
-4.498046077641876472e+00,-5.168419883830044359e-01,2.456917751451183740e+00
-4.498046077641876472e+00,-5.168419883830044359e-01,2.459689395698413605e+00
-4.498046077641876472e+00,-5.168419883830044359e-01,2.462140717936801781e+00
-4.498046077641876472e+00,-5.168419883830044359e-01,2.465480480227521198e+00
-4.498046077641876472e+00,-5.168419883830044359e-01,2.466454584992773036e+00
-4.498046077641876472e+00,-5.168419883830044359e-01,2.469068654191829637e+00
-4.498046077641876472e+00,-5.168419883830044359e-01,2.472310478128379785e+00
-4.498046077641876472e+00,-5.168419883830044359e-01,2.471770415446453484e+00
-4.498046077641876472e+00,-5.168419883830044359e-01,2.474621979957195350e+00
-4.498046077641876472e+00,-5.168419883830044359e-01,2.479809592385640471e+00
-4.671433991971677635e+00,-3.367402638927550762e-01,2.365611994746396274e+00
-4.671433991971677635e+00,-3.367402638927550762e-01,2.363928525808363990e+00
-4.671433991971677635e+00,-3.367402638927550762e-01,2.361286120920631060e+00
-4.671433991971677635e+00,-3.367402638927550762e-01,2.357549129348175398e+00
-4.671433991971677635e+00,-3.367402638927550762e-01,2.353257223482397631e+00
-4.671433991971677635e+00,-3.367402638927550762e-01,2.348603421953165515e+00
-4.671433991971677635e+00,-3.367402638927550762e-01,2.343838965342521341e+00
-4.671433991971677635e+00,-3.367402638927550762e-01,2.340288223090567055e+00
-4.671433991971677635e+00,-3.367402638927550762e-01,2.339801598405172101e+00
-4.671433991971677635e+00,-3.367402638927550762e-01,2.341047729207395456e+00
-4.671433991971677635e+00,-3.367402638927550762e-01,2.342565308725367501e+00
-4.671433991971677635e+00,-3.367402638927550762e-01,2.341396230592817318e+00
-4.671433991971677635e+00,-3.367402638927550762e-01,2.343473016685632793e+00
-4.671433991971677635e+00,-3.367402638927550762e-01,2.342567310663923319e+00
-4.671433991971677635e+00,-3.367402638927550762e-01,2.342748516911079104e+00
-4.671433991971677635e+00,-3.367402638927550762e-01,2.340258505323693949e+00
-4.671433991971677635e+00,-3.367402638927550762e-01,2.337356797923785923e+00
-4.671433991971677635e+00,-3.367402638927550762e-01,2.335892989731192859e+00
-4.671433991971677635e+00,-3.367402638927550762e-01,2.340887897449308142e+00
-4.658551273858445363e+00,-8.707241339130386559e-02,1.666873136089282781e+00
-4.658551273858445363e+00,-8.707241339130386559e-02,1.653253843384519639e+00
-4.658551273858445363e+00,-8.707241339130386559e-02,1.636477011847740526e+00
-4.658551273858445363e+00,-8.707241339130386559e-02,1.618138947210328249e+00
-4.658551273858445363e+00,-8.707241339130386559e-02,1.598127385291819191e+00
-4.658551273858445363e+00,-8.707241339130386559e-02,1.575400695546294916e+00
-4.658551273858445363e+00,-8.707241339130386559e-02,1.561430336456069767e+00
-4.658551273858445363e+00,-8.707241339130386559e-02,1.549901783596623561e+00
-4.658551273858445363e+00,-8.707241339130386559e-02,1.542181033030047388e+00
-4.658551273858445363e+00,-8.707241339130386559e-02,1.531893005786455708e+00
-4.658551273858445363e+00,-8.707241339130386559e-02,1.530263073125059492e+00
-4.658551273858445363e+00,-8.707241339130386559e-02,1.519017131634476048e+00
-4.658551273858445363e+00,-8.707241339130386559e-02,1.517326652605698101e+00
-4.658551273858445363e+00,-8.707241339130386559e-02,1.513207060451770891e+00
-4.658551273858445363e+00,-8.707241339130386559e-02,1.508139885116592804e+00
-4.658551273858445363e+00,-8.707241339130386559e-02,1.504786766797584052e+00
-4.658551273858445363e+00,-8.707241339130386559e-02,1.503013747155382385e+00
-4.658551273858445363e+00,-8.707241339130386559e-02,1.500738429400805041e+00
-4.658551273858445363e+00,-8.707241339130386559e-02,1.501649018766849641e+00
-4.658551273858445363e+00,-8.707241339130386559e-02,1.502329695045295788e+00
-4.658551273858445363e+00,-8.707241339130386559e-02,1.502331862286352848e+00
-4.658551273858445363e+00,-8.707241339130386559e-02,1.501590722330897965e+00
-4.658551273858445363e+00,-8.707241339130386559e-02,1.494343634124954745e+00
-4.658551273858445363e+00,-8.707241339130386559e-02,1.500850909666311406e+00
-4.658551273858445363e+00,-8.707241339130386559e-02,1.492001938006958461e+00
-4.658551273858445363e+00,-8.707241339130386559e-02,1.491120142384324776e+00
-4.658551273858445363e+00,-8.707241339130386559e-02,1.498750989610813766e+00
-4.658551273858445363e+00,-8.707241339130386559e-02,1.486472883106224829e+00
-4.565980646863150305e+00,1.451573844764504628e-01,1.248826435023381975e+00
-4.565980646863150305e+00,1.451573844764504628e-01,1.241689427648786426e+00
-4.565980646863150305e+00,1.451573844764504628e-01,1.235039813891211313e+00
-4.565980646863150305e+00,1.451573844764504628e-01,1.224595445965092066e+00
-4.565980646863150305e+00,1.451573844764504628e-01,1.218954357741493633e+00
-4.565980646863150305e+00,1.451573844764504628e-01,1.212113430953311033e+00
-4.565980646863150305e+00,1.451573844764504628e-01,1.206615726366907060e+00
-4.565980646863150305e+00,1.451573844764504628e-01,1.201723786612232558e+00
-4.565980646863150305e+00,1.451573844764504628e-01,1.198103257196973637e+00
-4.565980646863150305e+00,1.451573844764504628e-01,1.193681753233101883e+00
