x,y,yaw
-5.042148754000663757e-03,1.976734586060047150e-02,3.744098862077347573e-02
-5.042148754000663757e-03,1.976734586060047150e-02,3.744098862077347573e-02
-5.042148754000663757e-03,1.976734586060047150e-02,3.744098862077347573e-02
-4.594387486577033997e-03,1.987271383404731750e-02,1.209730579818320551e-01
-4.429345950484275818e-03,2.012269943952560425e-02,2.126086484999578363e-01
-4.167443141341209412e-03,2.027283608913421631e-02,2.459367640706834890e-01
-4.167443141341209412e-03,2.027283608913421631e-02,2.459367640706834890e-01
-3.792578121647238731e-03,2.012397907674312592e-02,2.877640511228913844e-01
-3.726538969203829765e-03,2.004977874457836151e-02,2.736267376796527317e-01
-3.726538969203829765e-03,2.004977874457836151e-02,2.736267376796527317e-01
-3.611251711845397949e-03,1.987387984991073608e-02,2.219365417343167057e-01
-3.611251711845397949e-03,1.987387984991073608e-02,2.219365417343167057e-01
-3.869874170050024986e-03,1.972850039601325989e-02,1.920449332440158086e-01
-3.967045806348323822e-03,1.968519389629364014e-02,1.668159324192193815e-01
-3.803569357842206955e-03,1.958818547427654266e-02,1.272218228173588872e-01
-3.933607134968042374e-03,1.941079832613468170e-02,8.635585077891386185e-02
-3.933607134968042374e-03,1.941079832613468170e-02,8.635585077891386185e-02
-4.099926445633172989e-03,1.935403794050216675e-02,4.434495519115977391e-02
-4.436899907886981964e-03,1.933499239385128021e-02,2.126265775405322689e-02
-4.436899907886981964e-03,1.933499239385128021e-02,2.126265775405322689e-02
-4.496651235967874527e-03,1.903876662254333496e-02,-2.880538534122514815e-02
-4.496651235967874527e-03,1.903876662254333496e-02,-2.880538534122514815e-02
-4.544635768979787827e-03,1.888792030513286591e-02,-7.812725728422256766e-02
-4.544635768979787827e-03,1.888792030513286591e-02,-7.812725728422256766e-02
-4.903793800622224808e-03,1.866464503109455109e-02,-1.458585244470949893e-01
-4.903793800622224808e-03,1.866464503109455109e-02,-1.458585244470949893e-01
-4.897888284176588058e-03,1.856670528650283813e-02,-1.706762597248686897e-01
-4.897888284176588058e-03,1.856670528650283813e-02,-1.706762597248686897e-01
-5.128758028149604797e-03,1.848067529499530792e-02,-2.112018948130592322e-01
-5.440205335617065430e-03,1.814678683876991272e-02,-2.723071838465943584e-01
-5.440205335617065430e-03,1.814678683876991272e-02,-2.723071838465943584e-01
-5.797910504043102264e-03,1.808302290737628937e-02,-3.158041844686692023e-01
-5.797910504043102264e-03,1.808302290737628937e-02,-3.158041844686692023e-01
-5.797910504043102264e-03,1.808302290737628937e-02,-3.158041844686692023e-01
-6.168739870190620422e-03,1.784402318298816681e-02,-3.890252396908352450e-01
-6.250835489481687546e-03,1.781816035509109497e-02,-4.319133478935308634e-01
-6.250835489481687546e-03,1.781816035509109497e-02,-4.319133478935308634e-01
-6.233363877981901169e-03,1.768888533115386963e-02,-4.539537445847153241e-01
-6.539310794323682785e-03,1.763475500047206879e-02,-4.944702192121191997e-01
-6.858240813016891479e-03,1.777877658605575562e-02,-5.351911133135167642e-01
-6.858240813016891479e-03,1.777877658605575562e-02,-5.351911133135167642e-01
-6.908807437866926193e-03,1.772840693593025208e-02,-5.580232258853150551e-01
-6.975625175982713699e-03,1.780603639781475067e-02,-5.979268611987309523e-01
-6.975625175982713699e-03,1.780603639781475067e-02,-5.979268611987309523e-01
-6.892918609082698822e-03,1.789797469973564148e-02,-6.520481999043382659e-01
-6.892918609082698822e-03,1.789797469973564148e-02,-6.520481999043382659e-01
-6.864086259156465530e-03,1.807301491498947144e-02,-7.147371500539918543e-01
-6.903896573930978775e-03,1.793806813657283783e-02,-7.535781759765667331e-01
-6.903896573930978775e-03,1.793806813657283783e-02,-7.535781759765667331e-01
-6.903896573930978775e-03,1.793806813657283783e-02,-7.535781759765667331e-01
-6.888355128467082977e-03,1.810134574770927429e-02,-8.200199032986140724e-01
-6.888355128467082977e-03,1.810134574770927429e-02,-8.200199032986140724e-01
-6.722959689795970917e-03,1.810647919774055481e-02,-8.577272437253301574e-01
-6.692518945783376694e-03,1.829654537141323090e-02,-8.946962969312496350e-01
-6.692518945783376694e-03,1.829654537141323090e-02,-8.946962969312496350e-01
-6.692518945783376694e-03,1.829654537141323090e-02,-8.946962969312496350e-01
-6.344253662973642349e-03,1.832562312483787537e-02,-9.725222659624961352e-01
-6.344253662973642349e-03,1.832562312483787537e-02,-9.725222659624961352e-01
-6.167289335280656815e-03,1.879155449569225311e-02,-1.015338306311173611e+00
-6.009939592331647873e-03,1.846157200634479523e-02,-1.037668325740721098e+00
-5.954205058515071869e-03,1.848734170198440552e-02,-1.074849121939819074e+00
-5.620535928755998611e-03,1.864056847989559174e-02,-1.117181580547926822e+00
-5.530082155019044876e-03,1.856706663966178894e-02,-1.129167057606240698e+00
-5.483580753207206726e-03,1.850847341120243073e-02,-1.143280450539614135e+00
-5.336525384336709976e-03,1.850611716508865356e-02,-1.155409990378120089e+00
-4.740120843052864075e-03,1.862325333058834076e-02,-1.220767382384899680e+00
-4.740120843052864075e-03,1.862325333058834076e-02,-1.220767382384899680e+00
-4.613849334418773651e-03,1.856021024286746979e-02,-1.242889992444440317e+00
-4.613849334418773651e-03,1.856021024286746979e-02,-1.242889992444440317e+00
-4.433545749634504318e-03,1.866688765585422516e-02,-1.273567256196580733e+00
-4.143602214753627777e-03,1.868124678730964661e-02,-1.297794180879349835e+00
-3.746048547327518463e-03,1.851780340075492859e-02,-1.335091508990311260e+00
-3.323250683024525642e-03,1.877512596547603607e-02,-1.386223910672031101e+00
-3.323250683024525642e-03,1.877512596547603607e-02,-1.386223910672031101e+00
-2.760948147624731064e-03,1.838294230401515961e-02,-1.437558982351872849e+00
-2.452334854751825333e-03,1.844870857894420624e-02,-1.466492444544873042e+00
-2.452334854751825333e-03,1.844870857894420624e-02,-1.466492444544873042e+00
-2.452334854751825333e-03,1.844870857894420624e-02,-1.466492444544873042e+00
-2.452334854751825333e-03,1.844870857894420624e-02,-1.466492444544873042e+00
-1.938816742040216923e-03,1.809401996433734894e-02,-1.517374268628792766e+00
-1.464928151108324528e-03,1.800741255283355713e-02,-1.552662497236691141e+00
-1.135611790232360363e-03,1.824900880455970764e-02,-1.582211377937105201e+00
-3.500744933262467384e-04,1.785063371062278748e-02,-1.658973472377124114e+00
-3.500744933262467384e-04,1.785063371062278748e-02,-1.658973472377124114e+00
-2.623190812300890684e-05,1.765137352049350739e-02,-1.696579863263333099e+00
-2.623190812300890684e-05,1.765137352049350739e-02,-1.696579863263333099e+00
2.394818875472992659e-04,1.714376918971538544e-02,-1.733348852724719391e+00
5.701988702639937401e-04,1.742259971797466278e-02,-1.757479424605971952e+00
8.069011964835226536e-04,1.734361052513122559e-02,-1.789470681936235152e+00
8.069011964835226536e-04,1.734361052513122559e-02,-1.789470681936235152e+00
1.292054657824337482e-03,1.704658009111881256e-02,-1.852402759125527876e+00
1.292054657824337482e-03,1.704658009111881256e-02,-1.852402759125527876e+00
1.570179127156734467e-03,1.693879067897796631e-02,-1.882255879422416900e+00
1.813602051697671413e-03,1.679702848196029663e-02,-1.910324813115549247e+00
2.131928922608494759e-03,1.636020094156265259e-02,-1.946907764615589009e+00
2.289120806381106377e-03,1.599142141640186310e-02,-1.984427948606548586e+00
2.289120806381106377e-03,1.599142141640186310e-02,-1.984427948606548586e+00
2.535088919103145599e-03,1.555341202765703201e-02,-2.021635794151621646e+00
2.874842379242181778e-03,1.553876604884862900e-02,-2.047335164777390304e+00
2.874842379242181778e-03,1.553876604884862900e-02,-2.047335164777390304e+00
3.257112810388207436e-03,1.525726821273565292e-02,-2.103961939724813490e+00
3.481399966403841972e-03,1.513988524675369263e-02,-2.139502468659402190e+00
3.481399966403841972e-03,1.513988524675369263e-02,-2.139502468659402190e+00
3.643142990767955780e-03,1.494741626083850861e-02,-2.165183354954995920e+00
3.959526773542165756e-03,1.473052147775888443e-02,-2.196360623565182024e+00
4.218931775540113449e-03,1.429589092731475830e-02,-2.244429117769405124e+00
4.218931775540113449e-03,1.429589092731475830e-02,-2.244429117769405124e+00
4.502627998590469360e-03,1.385059766471385956e-02,-2.310369450859047102e+00
4.577946383506059647e-03,1.374722272157669067e-02,-2.320962713341723216e+00
4.635327029973268509e-03,1.379254274070262909e-02,-2.333174437530521672e+00
4.635327029973268509e-03,1.379254274070262909e-02,-2.333174437530521672e+00
4.960695281624794006e-03,1.380270440131425858e-02,-2.372085538273482008e+00
4.987991414964199066e-03,1.365989074110984802e-02,-2.401667072142526838e+00
4.987991414964199066e-03,1.365989074110984802e-02,-2.401667072142526838e+00
4.925704561173915863e-03,1.357899978756904602e-02,-2.424860474819370282e+00
5.450834054499864578e-03,1.340153533965349197e-02,-2.491328441766699431e+00
5.564933642745018005e-03,1.344651822000741959e-02,-2.527749974298759916e+00
5.564933642745018005e-03,1.344651822000741959e-02,-2.527749974298759916e+00
5.749611184000968933e-03,1.331663597375154495e-02,-2.569152535528874015e+00
5.716068204492330551e-03,1.321943942457437515e-02,-2.595345269748066563e+00
5.829904228448867798e-03,1.335254311561584473e-02,-2.630599008842894548e+00
5.829904228448867798e-03,1.335254311561584473e-02,-2.630599008842894548e+00
5.829904228448867798e-03,1.335254311561584473e-02,-2.630599008842894548e+00
6.038909312337636948e-03,1.330092642456293106e-02,-2.681400296451643683e+00
6.092777475714683533e-03,1.330229919403791428e-02,-2.722498142872777471e+00
6.175648886710405350e-03,1.308266911655664444e-02,-2.746460894301296918e+00
6.022682879120111465e-03,1.277777459472417831e-02,-2.787214734115551540e+00
6.022682879120111465e-03,1.277777459472417831e-02,-2.787214734115551540e+00
6.022682879120111465e-03,1.277777459472417831e-02,-2.787214734115551540e+00
6.225294899195432663e-03,1.235985103994607925e-02,-2.851508125835668039e+00
5.991138983517885208e-03,1.202964130789041519e-02,-2.889208539712905477e+00
5.991138983517885208e-03,1.202964130789041519e-02,-2.889208539712905477e+00
-2.427060622721910477e-03,9.862325154244899750e-03,-2.934413678175877394e+00
-2.427060622721910477e-03,9.862325154244899750e-03,-2.934413678175877394e+00
-2.427060622721910477e-03,9.862325154244899750e-03,-2.934413678175877394e+00
-4.108715802431106567e-02,2.280315849930047989e-03,-2.956349368334341587e+00
-8.958499878644943237e-02,-7.271501235663890839e-03,-2.942056647618208842e+00
-1.136866584420204163e-01,-1.219404581934213638e-02,-2.933555367077087972e+00
-1.359536647796630859e-01,-1.697454228997230530e-02,-2.911788223395149977e+00
-1.394108682870864868e-01,-1.775769703090190887e-02,-2.877281186126722901e+00
-1.394108682870864868e-01,-1.775769703090190887e-02,-2.877281186126722901e+00
-1.384452581405639648e-01,-1.754643581807613373e-02,-2.832163596885444612e+00
-1.384452581405639648e-01,-1.754643581807613373e-02,-2.832163596885444612e+00
-1.384452581405639648e-01,-1.754643581807613373e-02,-2.832163596885444612e+00
-1.383948475122451782e-01,-1.743107475340366364e-02,-2.792097100072133742e+00
-1.383948475122451782e-01,-1.743107475340366364e-02,-2.792097100072133742e+00
-1.386103481054306030e-01,-1.738600805401802063e-02,-2.699655783224737426e+00
-1.383630931377410889e-01,-1.722301170229911804e-02,-2.674543845666566000e+00
-1.383630931377410889e-01,-1.722301170229911804e-02,-2.674543845666566000e+00
-1.384965032339096069e-01,-1.721593365073204041e-02,-2.635508538679752100e+00
-1.385872662067413330e-01,-1.722546480596065521e-02,-2.610067826044024653e+00
-1.385872662067413330e-01,-1.722546480596065521e-02,-2.610067826044024653e+00
-1.459119021892547607e-01,-2.203198894858360291e-02,-2.554226570267623675e+00
-1.587993055582046509e-01,-3.075506351888179779e-02,-2.536781078883211915e+00
-1.910848915576934814e-01,-5.336421728134155273e-02,-2.532177210628785868e+00
-1.910848915576934814e-01,-5.336421728134155273e-02,-2.532177210628785868e+00
-2.399037033319473267e-01,-8.705505728721618652e-02,-2.554139189777805186e+00
-2.399037033319473267e-01,-8.705505728721618652e-02,-2.554139189777805186e+00
-2.622712552547454834e-01,-1.018912494182586670e-01,-2.569685912207062106e+00
-2.807300388813018799e-01,-1.138094142079353333e-01,-2.599662795563676188e+00
-2.807300388813018799e-01,-1.138094142079353333e-01,-2.599662795563676188e+00
-2.999233603477478027e-01,-1.245492324233055115e-01,-2.660341752312957109e+00
-2.999233603477478027e-01,-1.245492324233055115e-01,-2.660341752312957109e+00
-3.392556905746459961e-01,-1.441651135683059692e-01,-2.698821261661996651e+00
-3.656014204025268555e-01,-1.561802625656127930e-01,-2.721385928877975147e+00
-3.756585717201232910e-01,-1.605739295482635498e-01,-2.729519833873301771e+00
-3.756585717201232910e-01,-1.605739295482635498e-01,-2.729519833873301771e+00
-3.756585717201232910e-01,-1.605739295482635498e-01,-2.729519833873301771e+00
-4.547858536243438721e-01,-1.922207325696945190e-01,-2.800233627433892813e+00
-4.547858536243438721e-01,-1.922207325696945190e-01,-2.800233627433892813e+00
-5.332155227661132812e-01,-2.175892889499664307e-01,-2.850874673268109838e+00
-5.332155227661132812e-01,-2.175892889499664307e-01,-2.850874673268109838e+00
-5.636597871780395508e-01,-2.267806380987167358e-01,-2.865123499096692505e+00
-6.042778491973876953e-01,-2.380703240633010864e-01,-2.872598920705948800e+00
-6.321722865104675293e-01,-2.456784546375274658e-01,-2.877089478573162218e+00
-6.321722865104675293e-01,-2.456784546375274658e-01,-2.877089478573162218e+00
-7.051947712898254395e-01,-2.651023864746093750e-01,-2.885018818804307550e+00
-7.195115685462951660e-01,-2.687968313694000244e-01,-2.880365603852846235e+00
-7.334399819374084473e-01,-2.727177143096923828e-01,-2.874149109781965805e+00
-7.597549557685852051e-01,-2.802586257457733154e-01,-2.854214434851133575e+00
-8.139644861221313477e-01,-2.972744107246398926e-01,-2.812574397844526342e+00
-8.139644861221313477e-01,-2.972744107246398926e-01,-2.812574397844526342e+00
-8.527647256851196289e-01,-3.111904263496398926e-01,-2.779368393724036324e+00
-8.940783739089965820e-01,-3.273447155952453613e-01,-2.745038535347150699e+00
-8.940783739089965820e-01,-3.273447155952453613e-01,-2.745038535347150699e+00
-9.179346561431884766e-01,-3.375089168548583984e-01,-2.722855328209222048e+00
-9.554605484008789062e-01,-3.547406494617462158e-01,-2.689391388493388213e+00
-9.959152340888977051e-01,-3.750357329845428467e-01,-2.654991842297891758e+00
-9.959152340888977051e-01,-3.750357329845428467e-01,-2.654991842297891758e+00
-1.031571865081787109e+00,-3.943955898284912109e-01,-2.633385934811204976e+00
-1.031571865081787109e+00,-3.943955898284912109e-01,-2.633385934811204976e+00
-1.031571865081787109e+00,-3.943955898284912109e-01,-2.633385934811204976e+00
-1.123280167579650879e+00,-4.464705586433410645e-01,-2.620745626045236865e+00
-1.149390697479248047e+00,-4.615319967269897461e-01,-2.622356644025546579e+00
-1.149390697479248047e+00,-4.615319967269897461e-01,-2.622356644025546579e+00
-1.189667224884033203e+00,-4.843314290046691895e-01,-2.644310507616487893e+00
-1.213413357734680176e+00,-4.971484243869781494e-01,-2.662235735052196794e+00
-1.249654650688171387e+00,-5.159317255020141602e-01,-2.690383180603342694e+00
-1.249654650688171387e+00,-5.159317255020141602e-01,-2.690383180603342694e+00
-1.290585517883300781e+00,-5.354298949241638184e-01,-2.724019021851198374e+00
-1.290585517883300781e+00,-5.354298949241638184e-01,-2.724019021851198374e+00
-1.326200485229492188e+00,-5.509335994720458984e-01,-2.754583841157518087e+00
-1.326200485229492188e+00,-5.509335994720458984e-01,-2.754583841157518087e+00
-1.407009005546569824e+00,-5.813889503479003906e-01,-2.824651480365232281e+00
-1.407009005546569824e+00,-5.813889503479003906e-01,-2.824651480365232281e+00
-1.444703698158264160e+00,-5.936048626899719238e-01,-2.848060612630844091e+00
-1.473048806190490723e+00,-6.020525097846984863e-01,-2.862650642907036413e+00
-1.473048806190490723e+00,-6.020525097846984863e-01,-2.862650642907036413e+00
-1.518771409988403320e+00,-6.147140860557556152e-01,-2.877353674641738746e+00
-1.544627904891967773e+00,-6.213719844818115234e-01,-2.880363483635767885e+00
-1.588212013244628906e+00,-6.331553459167480469e-01,-2.879253395659640002e+00
-1.588212013244628906e+00,-6.331553459167480469e-01,-2.879253395659640002e+00
-1.632146000862121582e+00,-6.450610756874084473e-01,-2.869434854787458633e+00
-1.632146000862121582e+00,-6.450610756874084473e-01,-2.869434854787458633e+00
-1.632146000862121582e+00,-6.450610756874084473e-01,-2.869434854787458633e+00
-1.741168975830078125e+00,-6.798492670059204102e-01,-2.793035756538314818e+00
-1.741168975830078125e+00,-6.798492670059204102e-01,-2.793035756538314818e+00
-1.764753341674804688e+00,-6.887135505676269531e-01,-2.772571795846532350e+00
-1.803073763847351074e+00,-7.042770981788635254e-01,-2.737021925585388704e+00
-1.830246090888977051e+00,-7.163143157958984375e-01,-2.712839373934930798e+00
-1.867852807044982910e+00,-7.343950271606445312e-01,-2.676826944850399403e+00
-1.867852807044982910e+00,-7.343950271606445312e-01,-2.676826944850399403e+00
-1.891343235969543457e+00,-7.465828061103820801e-01,-2.652576706653509753e+00
-1.930830001831054688e+00,-7.684116959571838379e-01,-2.620264597077075042e+00
-1.930830001831054688e+00,-7.684116959571838379e-01,-2.620264597077075042e+00
-1.930830001831054688e+00,-7.684116959571838379e-01,-2.620264597077075042e+00
-1.978560209274291992e+00,-7.970648407936096191e-01,-2.601764934409851016e+00
-2.045844554901123047e+00,-8.374004364013671875e-01,-2.605598662179535729e+00
-2.045844554901123047e+00,-8.374004364013671875e-01,-2.605598662179535729e+00
-2.079921722412109375e+00,-8.574246168136596680e-01,-2.620680525628978685e+00
-2.079921722412109375e+00,-8.574246168136596680e-01,-2.620680525628978685e+00
-2.098442554473876953e+00,-8.679841756820678711e-01,-2.627690317768881734e+00
-2.098442554473876953e+00,-8.679841756820678711e-01,-2.627690317768881734e+00
-2.164266586303710938e+00,-9.038198590278625488e-01,-2.671916706776269912e+00
-2.164266586303710938e+00,-9.038198590278625488e-01,-2.671916706776269912e+00
-2.183018445968627930e+00,-9.132009148597717285e-01,-2.690800650178472253e+00
-2.221007347106933594e+00,-9.308242797851562500e-01,-2.727602988160558350e+00
-2.221007347106933594e+00,-9.308242797851562500e-01,-2.727602988160558350e+00
-2.221007347106933594e+00,-9.308242797851562500e-01,-2.727602988160558350e+00
-2.298931598663330078e+00,-9.620205163955688477e-01,-2.798070442934347035e+00
-2.298931598663330078e+00,-9.620205163955688477e-01,-2.798070442934347035e+00
-2.335667848587036133e+00,-9.745321273803710938e-01,-2.829770561306537147e+00
-2.362432003021240234e+00,-9.829231500625610352e-01,-2.854437352732208222e+00
-2.405308723449707031e+00,-9.947452545166015625e-01,-2.889714739145541778e+00
-2.405308723449707031e+00,-9.947452545166015625e-01,-2.889714739145541778e+00
-2.405308723449707031e+00,-9.947452545166015625e-01,-2.889714739145541778e+00
-2.431735992431640625e+00,-1.001149535179138184e+00,-2.910354387910605745e+00
-2.466295242309570312e+00,-1.008694887161254883e+00,-2.932995783521302968e+00
-2.500470638275146484e+00,-1.015758395195007324e+00,-2.944779886334648378e+00
-2.500470638275146484e+00,-1.015758395195007324e+00,-2.944779886334648378e+00
-2.556310892105102539e+00,-1.026827454566955566e+00,-2.940038205566373186e+00
-2.556310892105102539e+00,-1.026827454566955566e+00,-2.940038205566373186e+00
-2.593064308166503906e+00,-1.035195350646972656e+00,-2.891944880390494355e+00
-2.608212232589721680e+00,-1.039193391799926758e+00,-2.873170617808687766e+00
-2.628683805465698242e+00,-1.045223593711853027e+00,-2.835031970136816959e+00
-2.628683805465698242e+00,-1.045223593711853027e+00,-2.835031970136816959e+00
-2.628683805465698242e+00,-1.045223593711853027e+00,-2.835031970136816959e+00
-2.657218217849731445e+00,-1.055140495300292969e+00,-2.764255025725427029e+00
-2.663525342941284180e+00,-1.057616710662841797e+00,-2.740430818032137950e+00
-2.663525342941284180e+00,-1.057616710662841797e+00,-2.740430818032137950e+00
-2.663525342941284180e+00,-1.057616710662841797e+00,-2.740430818032137950e+00
-2.676360130310058594e+00,-1.063207983970642090e+00,-2.678439859878568363e+00
-2.675496578216552734e+00,-1.062852501869201660e+00,-2.656329864495893478e+00
-2.676145315170288086e+00,-1.062935113906860352e+00,-2.642879970062981698e+00
-2.676129341125488281e+00,-1.062684893608093262e+00,-2.672761668048944550e+00
-2.676129341125488281e+00,-1.062684893608093262e+00,-2.672761668048944550e+00
-2.675986051559448242e+00,-1.062907576560974121e+00,-2.697411048133584011e+00
-2.675986051559448242e+00,-1.062907576560974121e+00,-2.697411048133584011e+00
-2.676318407058715820e+00,-1.063071727752685547e+00,-2.737862346943799707e+00
-2.676176071166992188e+00,-1.063061833381652832e+00,-2.775187011386239799e+00
-2.676176071166992188e+00,-1.063061833381652832e+00,-2.775187011386239799e+00
-2.676298379898071289e+00,-1.063284635543823242e+00,-2.866129418006070573e+00
-2.676219701766967773e+00,-1.063309669494628906e+00,-2.891654718969637106e+00
-2.676219701766967773e+00,-1.063309669494628906e+00,-2.891654718969637106e+00
-2.676421165466308594e+00,-1.063438892364501953e+00,-2.926359410329928856e+00
-2.676272869110107422e+00,-1.063333511352539062e+00,-2.958027846969842667e+00
-2.676152229309082031e+00,-1.063390374183654785e+00,-2.981915236756813137e+00
-2.676512956619262695e+00,-1.063512563705444336e+00,-3.017778390750402551e+00
-2.676554441452026367e+00,-1.063462615013122559e+00,-3.049518829590439850e+00
-2.676554441452026367e+00,-1.063462615013122559e+00,-3.049518829590439850e+00
-2.676500082015991211e+00,-1.063492417335510254e+00,-3.085061784680904751e+00
-2.676500082015991211e+00,-1.063492417335510254e+00,-3.085061784680904751e+00
-2.676500082015991211e+00,-1.063492417335510254e+00,-3.085061784680904751e+00
-2.676753520965576172e+00,-1.063436388969421387e+00,3.130505561882648280e+00
-2.676753520965576172e+00,-1.063436388969421387e+00,3.130505561882648280e+00
-2.676753520965576172e+00,-1.063436388969421387e+00,3.130505561882648280e+00
-2.676814317703247070e+00,-1.063487410545349121e+00,3.040880200969783065e+00
-2.676814317703247070e+00,-1.063487410545349121e+00,3.040880200969783065e+00
-2.676814317703247070e+00,-1.063487410545349121e+00,3.040880200969783065e+00
-2.676827907562255859e+00,-1.063678383827209473e+00,2.955310824542856984e+00
-2.676827907562255859e+00,-1.063678383827209473e+00,2.955310824542856984e+00
-2.676827907562255859e+00,-1.063678383827209473e+00,2.955310824542856984e+00
-2.676764965057373047e+00,-1.063844680786132812e+00,2.900460947111727528e+00
-2.676959991455078125e+00,-1.063744783401489258e+00,2.875684237555909739e+00
-2.676959991455078125e+00,-1.063744783401489258e+00,2.875684237555909739e+00
-2.676959991455078125e+00,-1.063744783401489258e+00,2.875684237555909739e+00
-2.676959991455078125e+00,-1.063744783401489258e+00,2.875684237555909739e+00
-2.676959991455078125e+00,-1.063744783401489258e+00,2.875684237555909739e+00
-2.677176713943481445e+00,-1.063729405403137207e+00,2.742191746057622836e+00
-2.677176713943481445e+00,-1.063729405403137207e+00,2.742191746057622836e+00
-2.676976680755615234e+00,-1.063957571983337402e+00,2.703474783472990861e+00
-2.677049875259399414e+00,-1.063920140266418457e+00,2.682620321714414224e+00
-2.677049875259399414e+00,-1.063920140266418457e+00,2.682620321714414224e+00
-2.677123785018920898e+00,-1.063804745674133301e+00,2.641864314564731586e+00
-2.677123785018920898e+00,-1.063804745674133301e+00,2.641864314564731586e+00
-2.677155494689941406e+00,-1.063834905624389648e+00,2.579143521565547381e+00
-2.677228689193725586e+00,-1.063781738281250000e+00,2.535985933116851943e+00
-2.677228689193725586e+00,-1.063781738281250000e+00,2.535985933116851943e+00
-2.677356958389282227e+00,-1.063891649246215820e+00,2.461182825246431172e+00
-2.677356958389282227e+00,-1.063891649246215820e+00,2.461182825246431172e+00
-2.677443742752075195e+00,-1.063978672027587891e+00,2.419999057708672296e+00
-2.677176475524902344e+00,-1.064287304878234863e+00,2.392314674289417020e+00
-2.677176475524902344e+00,-1.064287304878234863e+00,2.392314674289417020e+00
-2.677289962768554688e+00,-1.064063429832458496e+00,2.356094869813110559e+00
-2.677275896072387695e+00,-1.064287781715393066e+00,2.320697272152520085e+00
-2.677275896072387695e+00,-1.064287781715393066e+00,2.320697272152520085e+00
-2.677359104156494141e+00,-1.064209461212158203e+00,2.197014755010951337e+00
-2.677359104156494141e+00,-1.064209461212158203e+00,2.197014755010951337e+00
-2.677334070205688477e+00,-1.064128398895263672e+00,2.173485778774000288e+00
-2.677399635314941406e+00,-1.064142465591430664e+00,2.147216226419446539e+00
-2.677489280700683594e+00,-1.064265370368957520e+00,2.112355762034621165e+00
-2.677489280700683594e+00,-1.064265370368957520e+00,2.112355762034621165e+00
-2.677548408508300781e+00,-1.064072608947753906e+00,2.069991291812796508e+00
-2.677540779113769531e+00,-1.064105749130249023e+00,2.043270134569474816e+00
-2.677540779113769531e+00,-1.064105749130249023e+00,2.043270134569474816e+00
-2.677612543106079102e+00,-1.064137101173400879e+00,2.004813264239770021e+00
-2.677630901336669922e+00,-1.063966393470764160e+00,1.966338660858084175e+00
-2.677630901336669922e+00,-1.063966393470764160e+00,1.966338660858084175e+00
-2.677656173706054688e+00,-1.064060926437377930e+00,1.886758832963979282e+00
-2.677656173706054688e+00,-1.064060926437377930e+00,1.886758832963979282e+00
-2.677595138549804688e+00,-1.064225554466247559e+00,1.862435619290350175e+00
-2.677710533142089844e+00,-1.064155459403991699e+00,1.823690524485714448e+00
-2.677733898162841797e+00,-1.064025163650512695e+00,1.800280977813883965e+00
-2.677733898162841797e+00,-1.064025163650512695e+00,1.800280977813883965e+00
-2.677761554718017578e+00,-1.064034581184387207e+00,1.768104443654217706e+00
-2.677761554718017578e+00,-1.064034581184387207e+00,1.768104443654217706e+00
-2.677789926528930664e+00,-1.064200997352600098e+00,1.732491550049170659e+00
-2.677768230438232422e+00,-1.064081311225891113e+00,1.694631957860541771e+00
-2.677768230438232422e+00,-1.064081311225891113e+00,1.694631957860541771e+00
-2.677768230438232422e+00,-1.064081311225891113e+00,1.694631957860541771e+00
-2.677755355834960938e+00,-1.063930153846740723e+00,1.595338039619417003e+00
-2.677755355834960938e+00,-1.063930153846740723e+00,1.595338039619417003e+00
-2.677736282348632812e+00,-1.064079642295837402e+00,1.562724814968520892e+00
-2.677814722061157227e+00,-1.064291596412658691e+00,1.528218605203538694e+00
-2.677796602249145508e+00,-1.064178228378295898e+00,1.487553556674360511e+00
-2.677796602249145508e+00,-1.064178228378295898e+00,1.487553556674360511e+00
-2.677836179733276367e+00,-1.064318180084228516e+00,1.460359188160802679e+00
-2.677836179733276367e+00,-1.064318180084228516e+00,1.460359188160802679e+00
-2.677836179733276367e+00,-1.064318180084228516e+00,1.460359188160802679e+00
-2.677982568740844727e+00,-1.064204812049865723e+00,1.390253710994764358e+00
-2.677982568740844727e+00,-1.064204812049865723e+00,1.390253710994764358e+00
-2.678090333938598633e+00,-1.064676523208618164e+00,1.356304885563618168e+00
-2.678090333938598633e+00,-1.064676523208618164e+00,1.356304885563618168e+00
-2.677973270416259766e+00,-1.064021706581115723e+00,1.298187411292575089e+00
-2.677973270416259766e+00,-1.064021706581115723e+00,1.298187411292575089e+00
-2.677973270416259766e+00,-1.064021706581115723e+00,1.298187411292575089e+00
-2.678097248077392578e+00,-1.064038276672363281e+00,1.207363151386313227e+00
-2.678110122680664062e+00,-1.064069747924804688e+00,1.162873812332560153e+00
-2.678110122680664062e+00,-1.064069747924804688e+00,1.162873812332560153e+00
-2.678178310394287109e+00,-1.064019799232482910e+00,1.114608183239408801e+00
-2.678178310394287109e+00,-1.064019799232482910e+00,1.114608183239408801e+00
-2.678178310394287109e+00,-1.064019799232482910e+00,1.114608183239408801e+00
-2.678464651107788086e+00,-1.064203977584838867e+00,1.037087478017400199e+00
-2.678464651107788086e+00,-1.064203977584838867e+00,1.037087478017400199e+00
-2.678464651107788086e+00,-1.064203977584838867e+00,1.037087478017400199e+00
-2.678427219390869141e+00,-1.064050674438476562e+00,9.447984939354219236e-01
-2.678427219390869141e+00,-1.064050674438476562e+00,9.447984939354219236e-01
-2.678233861923217773e+00,-1.063874006271362305e+00,9.076516394823890277e-01
-2.678268671035766602e+00,-1.063997268676757812e+00,8.812041035530053801e-01
-2.678268671035766602e+00,-1.063997268676757812e+00,8.812041035530053801e-01
-2.678419828414916992e+00,-1.063980817794799805e+00,8.417153280891072065e-01
-2.678309440612792969e+00,-1.063887238502502441e+00,8.169333904428868198e-01
-2.678309440612792969e+00,-1.063887238502502441e+00,8.169333904428868198e-01
-2.678309440612792969e+00,-1.063887238502502441e+00,8.169333904428868198e-01
-2.678309440612792969e+00,-1.063887238502502441e+00,8.169333904428868198e-01
-2.678442478179931641e+00,-1.063907504081726074e+00,7.374557984821221712e-01
-2.678379774093627930e+00,-1.063869476318359375e+00,6.730556959880753531e-01
-2.678492546081542969e+00,-1.063947916030883789e+00,6.453574892152706965e-01
-2.678392171859741211e+00,-1.063973188400268555e+00,6.071316834918166760e-01
-2.678514003753662109e+00,-1.063966989517211914e+00,5.802506429433619273e-01
-2.678514003753662109e+00,-1.063966989517211914e+00,5.802506429433619273e-01
-2.678598165512084961e+00,-1.063875198364257812e+00,5.419594807047060092e-01
-2.678485155105590820e+00,-1.063832998275756836e+00,5.201304560436825764e-01
-2.678485155105590820e+00,-1.063832998275756836e+00,5.201304560436825764e-01
-2.678485155105590820e+00,-1.063832998275756836e+00,5.201304560436825764e-01
-2.678485155105590820e+00,-1.063832998275756836e+00,5.201304560436825764e-01
-2.678626298904418945e+00,-1.063847780227661133e+00,4.382701241483931698e-01
-2.678432941436767578e+00,-1.063818097114562988e+00,3.883738968419649940e-01
-2.678471326828002930e+00,-1.063769936561584473e+00,3.551109300226426013e-01
-2.678389072418212891e+00,-1.063742637634277344e+00,3.230452566141978066e-01
-2.678389072418212891e+00,-1.063742637634277344e+00,3.230452566141978066e-01
-2.678389072418212891e+00,-1.063742637634277344e+00,3.230452566141978066e-01
-2.678389072418212891e+00,-1.063742637634277344e+00,3.230452566141978066e-01
-2.678540945053100586e+00,-1.063716650009155273e+00,2.601404109607882154e-01
-2.675520420074462891e+00,-1.063245773315429688e+00,2.105190732206718707e-01
-2.675520420074462891e+00,-1.063245773315429688e+00,2.105190732206718707e-01
-2.654831409454345703e+00,-1.059078574180603027e+00,1.796990233627964173e-01
-2.654831409454345703e+00,-1.059078574180603027e+00,1.796990233627964173e-01
-2.568727016448974609e+00,-1.043848395347595215e+00,1.782923601988663231e-01
-2.568727016448974609e+00,-1.043848395347595215e+00,1.782923601988663231e-01
-2.540816545486450195e+00,-1.038835406303405762e+00,1.889699749325355060e-01
-2.512438774108886719e+00,-1.033139348030090332e+00,1.993598595600462320e-01
-2.469375371932983398e+00,-1.024204134941101074e+00,2.202052902178207594e-01
-2.455189228057861328e+00,-1.020951032638549805e+00,2.358667814820816777e-01
-2.455189228057861328e+00,-1.020951032638549805e+00,2.358667814820816777e-01
-2.455189228057861328e+00,-1.020951032638549805e+00,2.358667814820816777e-01
-2.449543952941894531e+00,-1.019674897193908691e+00,3.010685687259339050e-01
-2.449543952941894531e+00,-1.019674897193908691e+00,3.010685687259339050e-01
-2.449208736419677734e+00,-1.019562005996704102e+00,3.619270532113891825e-01
-2.449208736419677734e+00,-1.019562005996704102e+00,3.619270532113891825e-01
-2.448706388473510742e+00,-1.019447565078735352e+00,4.049961385004846592e-01
-2.448706388473510742e+00,-1.019447565078735352e+00,4.049961385004846592e-01
-2.425966501235961914e+00,-1.008738994598388672e+00,4.590842501526930519e-01
-2.392046689987182617e+00,-9.911677837371826172e-01,4.923765595681816043e-01
-2.352568387985229492e+00,-9.690819382667541504e-01,5.296937548037339294e-01
-2.352568387985229492e+00,-9.690819382667541504e-01,5.296937548037339294e-01
-2.352568387985229492e+00,-9.690819382667541504e-01,5.296937548037339294e-01
-2.275076389312744141e+00,-9.219684004783630371e-01,5.595835826203968688e-01
-2.275076389312744141e+00,-9.219684004783630371e-01,5.595835826203968688e-01
-2.275076389312744141e+00,-9.219684004783630371e-01,5.595835826203968688e-01
-2.240095376968383789e+00,-8.997766971588134766e-01,5.669488332508204609e-01
-2.240095376968383789e+00,-8.997766971588134766e-01,5.669488332508204609e-01
-2.167540311813354492e+00,-8.551096916198730469e-01,5.154708023019261010e-01
-2.167540311813354492e+00,-8.551096916198730469e-01,5.154708023019261010e-01
-2.108635425567626953e+00,-8.232206702232360840e-01,4.636620679967515812e-01
-2.108635425567626953e+00,-8.232206702232360840e-01,4.636620679967515812e-01
-2.078475475311279297e+00,-8.083451986312866211e-01,4.358595947269894855e-01
-2.078475475311279297e+00,-8.083451986312866211e-01,4.358595947269894855e-01
-2.017630100250244141e+00,-7.820113897323608398e-01,3.811785577367248767e-01
-1.976137757301330566e+00,-7.663318514823913574e-01,3.439712833991164231e-01
-1.976137757301330566e+00,-7.663318514823913574e-01,3.439712833991164231e-01
-1.939387202262878418e+00,-7.538200616836547852e-01,3.108708317747035377e-01
-1.939387202262878418e+00,-7.538200616836547852e-01,3.108708317747035377e-01
-1.939387202262878418e+00,-7.538200616836547852e-01,3.108708317747035377e-01
-1.869826793670654297e+00,-7.338517904281616211e-01,2.552231306872765337e-01
-1.869826793670654297e+00,-7.338517904281616211e-01,2.552231306872765337e-01
-1.802135705947875977e+00,-7.180867195129394531e-01,2.213508297080035159e-01
-1.802135705947875977e+00,-7.180867195129394531e-01,2.213508297080035159e-01
-1.802135705947875977e+00,-7.180867195129394531e-01,2.213508297080035159e-01
-1.729176402091979980e+00,-7.018485069274902344e-01,2.285550820481068723e-01
-1.729176402091979980e+00,-7.018485069274902344e-01,2.285550820481068723e-01
-1.642140984535217285e+00,-6.806613206863403320e-01,2.589180714090514313e-01
-1.642140984535217285e+00,-6.806613206863403320e-01,2.589180714090514313e-01
-1.642140984535217285e+00,-6.806613206863403320e-01,2.589180714090514313e-01
-1.577859163284301758e+00,-6.618902087211608887e-01,3.121645018403743643e-01
-1.577859163284301758e+00,-6.618902087211608887e-01,3.121645018403743643e-01
-1.577859163284301758e+00,-6.618902087211608887e-01,3.121645018403743643e-01
-1.512364029884338379e+00,-6.386796236038208008e-01,3.709980454356647250e-01
-1.474337577819824219e+00,-6.233465075492858887e-01,4.058485379000822402e-01
-1.474337577819824219e+00,-6.233465075492858887e-01,4.058485379000822402e-01
-1.410871982574462891e+00,-5.939171910285949707e-01,4.661638342459433759e-01
-1.410871982574462891e+00,-5.939171910285949707e-01,4.661638342459433759e-01
-1.410871982574462891e+00,-5.939171910285949707e-01,4.661638342459433759e-01
-1.347320199012756348e+00,-5.596861243247985840e-01,5.206999456567168449e-01
-1.347320199012756348e+00,-5.596861243247985840e-01,5.206999456567168449e-01
-1.285447597503662109e+00,-5.232063531875610352e-01,5.368710096793498643e-01
-1.285447597503662109e+00,-5.232063531875610352e-01,5.368710096793498643e-01
-1.285447597503662109e+00,-5.232063531875610352e-01,5.368710096793498643e-01
-1.208244085311889648e+00,-4.779779911041259766e-01,5.227178589408352227e-01
-1.208244085311889648e+00,-4.779779911041259766e-01,5.227178589408352227e-01
-1.208244085311889648e+00,-4.779779911041259766e-01,5.227178589408352227e-01
-1.208244085311889648e+00,-4.779779911041259766e-01,5.227178589408352227e-01
-1.160249829292297363e+00,-4.513380229473114014e-01,4.908093861182819539e-01
-1.160249829292297363e+00,-4.513380229473114014e-01,4.908093861182819539e-01
-1.096287846565246582e+00,-4.191762804985046387e-01,4.304471923947947865e-01
-1.071322679519653320e+00,-4.079813659191131592e-01,4.075091158260564783e-01
-1.071322679519653320e+00,-4.079813659191131592e-01,4.075091158260564783e-01
-1.030232787132263184e+00,-3.909541070461273193e-01,3.704526897733114721e-01
-1.030232787132263184e+00,-3.909541070461273193e-01,3.704526897733114721e-01
-9.928420782089233398e-01,-3.769085705280303955e-01,3.377671645762758690e-01
-9.928420782089233398e-01,-3.769085705280303955e-01,3.377671645762758690e-01
-8.869198560714721680e-01,-3.446783423423767090e-01,2.447781349811644080e-01
-8.869198560714721680e-01,-3.446783423423767090e-01,2.447781349811644080e-01
-8.869198560714721680e-01,-3.446783423423767090e-01,2.447781349811644080e-01
-8.143370151519775391e-01,-3.283072113990783691e-01,1.996146965283248920e-01
-8.143370151519775391e-01,-3.283072113990783691e-01,1.996146965283248920e-01
-7.324334383010864258e-01,-3.124088644981384277e-01,1.869980965264504968e-01
-7.324334383010864258e-01,-3.124088644981384277e-01,1.869980965264504968e-01
-7.324334383010864258e-01,-3.124088644981384277e-01,1.869980965264504968e-01
-7.324334383010864258e-01,-3.124088644981384277e-01,1.869980965264504968e-01
-6.434917449951171875e-01,-2.951142191886901855e-01,2.007033097679810640e-01
-6.434917449951171875e-01,-2.951142191886901855e-01,2.007033097679810640e-01
-5.978411436080932617e-01,-2.852791547775268555e-01,2.136619501228396167e-01
-5.725159049034118652e-01,-2.795806527137756348e-01,2.386038621871851562e-01
-5.327616930007934570e-01,-2.689912319183349609e-01,2.780062853739811435e-01
-5.088965892791748047e-01,-2.619422972202301025e-01,2.983153486663391307e-01
-5.088965892791748047e-01,-2.619422972202301025e-01,2.983153486663391307e-01
-4.413896501064300537e-01,-2.390059530735015869e-01,3.567859907581028001e-01
-4.413896501064300537e-01,-2.390059530735015869e-01,3.567859907581028001e-01
-4.040203094482421875e-01,-2.245227098464965820e-01,3.906814252427150969e-01
-3.631153702735900879e-01,-2.067221999168395996e-01,4.293782853819415601e-01
-3.631153702735900879e-01,-2.067221999168395996e-01,4.293782853819415601e-01
-3.631153702735900879e-01,-2.067221999168395996e-01,4.293782853819415601e-01
-3.037199676036834717e-01,-1.778597980737686157e-01,4.848307370756365087e-01
-2.650962471961975098e-01,-1.564946770668029785e-01,5.246177097095714448e-01
-2.413902878761291504e-01,-1.425915658473968506e-01,5.484029896097244450e-01
-2.108510732650756836e-01,-1.233195066452026367e-01,5.822122730672960600e-01
-2.108510732650756836e-01,-1.233195066452026367e-01,5.822122730672960600e-01
-2.108510732650756836e-01,-1.233195066452026367e-01,5.822122730672960600e-01
-1.697930246591567993e-01,-9.473215043544769287e-02,6.338267084640716309e-01
-1.463407576084136963e-01,-7.696700841188430786e-02,6.587474457870319267e-01
-1.258754134178161621e-01,-6.095581501722335815e-02,6.684519420700573145e-01
